"ClassName","Method","LocalLines","IdaLines","Ratio","LocalFile","LocalLine","IdaFile"
"CGuild","CGuild","4","95","0.04","D:\repo\WorldServer\Entities\CGuild.cpp","34","D:\repo\WorldServerIdaPro\functions\CGuild__CGuild_1.c"
"CMainThread","pc_TaiwanBillingUserCertify","1","25","0.04","D:\repo\WorldServer\Entities\CMainThread.cpp","4715","D:\repo\WorldServerIdaPro\functions\CMainThread__pc_TaiwanBillingUserCertify_1.c"
"CMgrGuildHistory","CMgrGuildHistory","2","45","0.04","D:\repo\WorldServer\Entities\CMgrGuildHistory.cpp","29","D:\repo\WorldServerIdaPro\functions\CMgrGuildHistory__CMgrGuildHistory_1.c"
"CPlayer","CPlayer","2","51","0.04","D:\repo\WorldServer\Entities\CPlayer.cpp","611","D:\repo\WorldServerIdaPro\functions\CPlayer__CPlayer_1.c"
"CRFWorldDatabase","Update_GuildRank","6","150","0.04","D:\repo\WorldServer\Entities\CRFWorldDatabase_Ranking.cpp","2071","D:\repo\WorldServerIdaPro\functions\CRFWorldDatabase__Update_GuildRank_1.c"
"CRFWorldDatabase","Update_RaceRank","18","468","0.04","D:\repo\WorldServer\Entities\CRFWorldDatabase_Ranking.cpp","2377","D:\repo\WorldServerIdaPro\functions\CRFWorldDatabase__Update_RaceRank_1.c"
"CashItemRemoteStore","CashItemRemoteStore","2","29","0.07","D:\repo\WorldServer\Entities\CashItemRemoteStore.cpp","44","D:\repo\WorldServerIdaPro\functions\CashItemRemoteStore__CashItemRemoteStore_1.c"
"CGuildRanking","ClearGuildGrade","2","25","0.08","D:\repo\WorldServer\Entities\CGuildRanking.cpp","452","D:\repo\WorldServerIdaPro\functions\CGuildRanking__ClearGuildGrade_1.c"
"CMoveMapLimitInfoList","Load","3","38","0.08","D:\repo\WorldServer\Entities\CMoveMapLimitInfoList.cpp","103","D:\repo\WorldServerIdaPro\functions\CMoveMapLimitInfoList__Load_1.c"
"CMoveMapLimitInfoList","LogIn","3","38","0.08","D:\repo\WorldServer\Entities\CMoveMapLimitInfoList.cpp","111","D:\repo\WorldServerIdaPro\functions\CMoveMapLimitInfoList__LogIn_1.c"
"CMoveMapLimitInfoList","LogOut","3","38","0.08","D:\repo\WorldServer\Entities\CMoveMapLimitInfoList.cpp","119","D:\repo\WorldServerIdaPro\functions\CMoveMapLimitInfoList__LogOut_1.c"
"CIniFile","Clear","4","44","0.09","D:\repo\WorldServer\Entities\CIniFile.cpp","40","D:\repo\WorldServerIdaPro\functions\CIniFile__Clear_1.c"
"CIniFile","Merge_SumOfSets","6","67","0.09","D:\repo\WorldServer\Entities\CIniFile.cpp","350","D:\repo\WorldServerIdaPro\functions\CIniFile__Merge_SumOfSets_1.c"
"CIniFile","Save","3","35","0.09","D:\repo\WorldServer\Entities\CIniFile.cpp","83","D:\repo\WorldServerIdaPro\functions\CIniFile__Save_1.c"
"CMapDisplay","CMapDisplay","4","45","0.09","D:\repo\WorldServer\Entities\CMapDisplay.cpp","18","D:\repo\WorldServerIdaPro\functions\CMapDisplay__CMapDisplay_1.c"
"CMoveMapLimitInfoList","Loop","3","35","0.09","D:\repo\WorldServer\Entities\CMoveMapLimitInfoList.cpp","83","D:\repo\WorldServerIdaPro\functions\CMoveMapLimitInfoList__Loop_1.c"
"CMoveMapLimitRightInfo","CreateComplete","3","35","0.09","D:\repo\WorldServer\Entities\CMoveMapLimitRightInfo.cpp","79","D:\repo\WorldServerIdaPro\functions\CMoveMapLimitRightInfo__CreateComplete_1.c"
"CMoveMapLimitRightInfo","Load","3","35","0.09","D:\repo\WorldServer\Entities\CMoveMapLimitRightInfo.cpp","55","D:\repo\WorldServerIdaPro\functions\CMoveMapLimitRightInfo__Load_1.c"
"CMoveMapLimitRightInfo","LogIn","3","35","0.09","D:\repo\WorldServer\Entities\CMoveMapLimitRightInfo.cpp","63","D:\repo\WorldServerIdaPro\functions\CMoveMapLimitRightInfo__LogIn_1.c"
"CMoveMapLimitRightInfo","LogOut","3","35","0.09","D:\repo\WorldServer\Entities\CMoveMapLimitRightInfo.cpp","71","D:\repo\WorldServerIdaPro\functions\CMoveMapLimitRightInfo__LogOut_1.c"
"CIniFile","Merge_Intersection","7","69","0.1","D:\repo\WorldServer\Entities\CIniFile.cpp","365","D:\repo\WorldServerIdaPro\functions\CIniFile__Merge_Intersection_1.c"
"CUnmannedTraderDivisionInfo","CUnmannedTraderDivisionInfo","2","20","0.1","D:\repo\WorldServer\Entities\CUnmannedTraderDivisionInfo.cpp","11","D:\repo\WorldServerIdaPro\functions\CUnmannedTraderDivisionInfo__CUnmannedTraderDivisionInfo_1.c"
"CMoveMapLimitInfoList","Get","5","45","0.11","D:\repo\WorldServer\Entities\CMoveMapLimitInfoList.cpp","91","D:\repo\WorldServerIdaPro\functions\CMoveMapLimitInfoList__Get_1.c"
"CPlayer","SF_DamageAndStun","3","27","0.11","D:\repo\WorldServer\Entities\CPlayer.cpp","6600","D:\repo\WorldServerIdaPro\functions\CPlayer__SF_DamageAndStun_1.c"
"CUnmannedTraderUserInfo","ClearLoadItemInfo","3","28","0.11","D:\repo\WorldServer\Entities\CUnmannedTraderUserInfo.cpp","213","D:\repo\WorldServerIdaPro\functions\CUnmannedTraderUserInfo__ClearLoadItemInfo_1.c"
"CIniFile","GetSection","5","41","0.12","D:\repo\WorldServer\Entities\CIniFile.cpp","234","D:\repo\WorldServerIdaPro\functions\CIniFile__GetSection_3.c"
"CUnmannedTraderUserInfoTable","Find","6","50","0.12","D:\repo\WorldServer\Entities\CUnmannedTraderUserInfoTable.cpp","164","D:\repo\WorldServerIdaPro\functions\CUnmannedTraderUserInfoTable__Find_1.c"
"INI_Section","GetKey","5","41","0.12","D:\repo\WorldServer\Entities\CIniFile.cpp","395","D:\repo\WorldServerIdaPro\functions\INI_Section__GetKey_1.c"
"CAsyncLogger","Loop","6","42","0.14","D:\repo\WorldServer\Entities\CAsyncLogger.cpp","213","D:\repo\WorldServerIdaPro\functions\CAsyncLogger__Loop_1.c"
"CNuclearBomb","CNuclearBomb","3","22","0.14","D:\repo\WorldServer\Entities\CNuclearBomb.cpp","31","D:\repo\WorldServerIdaPro\functions\CNuclearBomb__CNuclearBomb_1.c"
"CPvpUserRankingTargetUserList","ClearRankingStart","5","37","0.14","D:\repo\WorldServer\Entities\CUserRankingProcess.cpp","554","D:\repo\WorldServerIdaPro\functions\CPvpUserRankingTargetUserList__ClearRankingStart_1.c"
"CNationSettingData","CNationSettingData","4","26","0.15","D:\repo\WorldServer\Entities\CNationSettingData.cpp","15","D:\repo\WorldServerIdaPro\functions\CNationSettingData__CNationSettingData_1.c"
"CNationSettingFactory","IsExistCheat","8","54","0.15","D:\repo\WorldServer\Entities\CNationSettingFactory.cpp","649","D:\repo\WorldServerIdaPro\functions\CNationSettingFactory__IsExistCheat_1.c"
"CUnmannedTraderScheduler","FindItem","7","47","0.15","D:\repo\WorldServer\Entities\CUnmannedTraderScheduler.cpp","159","D:\repo\WorldServerIdaPro\functions\CUnmannedTraderScheduler__FindItem_1.c"
"CUnmannedTraderUserInfo","Find","5","33","0.15","D:\repo\WorldServer\Entities\CUnmannedTraderUserInfo.cpp","1224","D:\repo\WorldServerIdaPro\functions\CUnmannedTraderUserInfo__Find_1.c"
"CCryptParam","CheckPublicKeyHash","6","37","0.16","D:\repo\WorldServer\Entities\CCryptParam.cpp","100","D:\repo\WorldServerIdaPro\functions\CCryptParam__CheckPublicKeyHash_1.c"
"CIniFile","DeleteSection","15","96","0.16","D:\repo\WorldServer\Entities\CIniFile.cpp","322","D:\repo\WorldServerIdaPro\functions\CIniFile__DeleteSection_3.c"
"CIniFile","SaveSection","7","43","0.16","D:\repo\WorldServer\Entities\CIniFile.cpp","271","D:\repo\WorldServerIdaPro\functions\CIniFile__SaveSection_1.c"
"CMapItemStoreList","CreateStores","7","45","0.16","D:\repo\WorldServer\Entities\CMapItemStoreList.cpp","74","D:\repo\WorldServerIdaPro\functions\CMapItemStoreList__CreateStores_1.c"
"CMoveMapLimitRightInfo","Regist","8","51","0.16","D:\repo\WorldServer\Entities\CMoveMapLimitRightInfo.cpp","38","D:\repo\WorldServerIdaPro\functions\CMoveMapLimitRightInfo__Regist_1.c"
"CUnmannedTraderUserInfo","FindEmpty","5","32","0.16","D:\repo\WorldServer\Entities\CUnmannedTraderUserInfo.cpp","1251","D:\repo\WorldServerIdaPro\functions\CUnmannedTraderUserInfo__FindEmpty_1.c"
"CDisplay","ColorKeyBlt","4","23","0.17","D:\repo\WorldServer\Entities\CDisplay.cpp","471","D:\repo\WorldServerIdaPro\functions\CDisplay__ColorKeyBlt_1.c"
"CLogTypeDBTaskPool","Destroy","6","36","0.17","D:\repo\WorldServer\Entities\CLogTypeDBTaskManager.cpp","223","D:\repo\WorldServerIdaPro\functions\CLogTypeDBTaskPool__Destroy_1.c"
"CUnmannedTraderGroupVersionInfo","Init","10","60","0.17","D:\repo\WorldServer\Entities\CUnmannedTraderGroupVersionInfo.cpp","14","D:\repo\WorldServerIdaPro\functions\CUnmannedTraderGroupVersionInfo__Init_1.c"
"CUnmannedTraderScheduler","DoDayChangedWork","5","29","0.17","D:\repo\WorldServer\Entities\CUnmannedTraderScheduler.cpp","124","D:\repo\WorldServerIdaPro\functions\CUnmannedTraderScheduler__DoDayChangedWork_1.c"
"AutominePersonalMgr","instance","4","22","0.18","D:\repo\WorldServer\Entities\CPlayer_LevelLoop.cpp","1555","D:\repo\WorldServerIdaPro\functions\AutominePersonalMgr__instance_1.c"
"CAsyncLogger","Instance","4","22","0.18","D:\repo\WorldServer\Entities\CAsyncLogger.cpp","41","D:\repo\WorldServerIdaPro\functions\CAsyncLogger__Instance_1.c"
"CChatStealSystem","Instance","4","22","0.18","D:\repo\WorldServer\Entities\CChatStealSystem.cpp","38","D:\repo\WorldServerIdaPro\functions\CChatStealSystem__Instance_1.c"
"CChiNetworkEX","Instance","4","22","0.18","D:\repo\WorldServer\Entities\CChiNetworkEX.cpp","23","D:\repo\WorldServerIdaPro\functions\CChiNetworkEX__Instance_1.c"
"CExchangeEvent","Instance","4","22","0.18","D:\repo\WorldServer\Entities\CMainThread.cpp","1681","D:\repo\WorldServerIdaPro\functions\CExchangeEvent__Instance_1.c"
"CGuildRanking","ClearGuildSerial","5","28","0.18","D:\repo\WorldServer\Entities\CGuildRanking.cpp","443","D:\repo\WorldServerIdaPro\functions\CGuildRanking__ClearGuildSerial_1.c"
"CItemStoreManager","SetNextEnforceInitTime","5","28","0.18","D:\repo\WorldServer\Entities\CItemStoreManager.cpp","192","D:\repo\WorldServerIdaPro\functions\CItemStoreManager__SetNextEnforceInitTime_1.c"
"ClassOrderProcessor","Instance","4","22","0.18","D:\repo\WorldServer\Entities\ClassOrderProcessor.cpp","85","D:\repo\WorldServerIdaPro\functions\ClassOrderProcessor__Instance_1.c"
"CLogTypeDBTaskManager","Instance","4","22","0.18","D:\repo\WorldServer\Entities\CMainThread.cpp","1623","D:\repo\WorldServerIdaPro\functions\CLogTypeDBTaskManager__Instance_1.c"
"CLuaEventMgr","Instance","4","22","0.18","D:\repo\WorldServer\Entities\CLuaEventMgr.cpp","20","D:\repo\WorldServerIdaPro\functions\CLuaEventMgr__Instance_1.c"
"CLuaLootingMgr","Instance","4","22","0.18","D:\repo\WorldServer\Entities\CLuaLootingMgr.cpp","48","D:\repo\WorldServerIdaPro\functions\CLuaLootingMgr__Instance_1.c"
"CLuaScriptMgr","Instance","4","22","0.18","D:\repo\WorldServer\Entities\CMainThread.cpp","1707","D:\repo\WorldServerIdaPro\functions\CLuaScriptMgr__Instance_1.c"
"CMoneySupplyMgr","Instance","4","22","0.18","D:\repo\WorldServer\Entities\CMoneySupplyMgr.cpp","25","D:\repo\WorldServerIdaPro\functions\CMoneySupplyMgr__Instance_1.c"
"CNuclearBombMgr","Instance","4","22","0.18","D:\repo\WorldServer\Entities\CNuclearBombMgr.cpp","36","D:\repo\WorldServerIdaPro\functions\CNuclearBombMgr__Instance_1.c"
"COreAmountMgr","Instance","4","22","0.18","D:\repo\WorldServer\Entities\COreAmountMgr.cpp","16","D:\repo\WorldServerIdaPro\functions\COreAmountMgr__Instance_1.c"
"CPcBangFavor","Instance","4","22","0.18","D:\repo\WorldServer\Entities\CPcBangFavor.cpp","22","D:\repo\WorldServerIdaPro\functions\CPcBangFavor__Instance_1.c"
"CPostSystemManager","SetNextWriteTime","5","28","0.18","D:\repo\WorldServer\Entities\CPostSystemManager.cpp","101","D:\repo\WorldServerIdaPro\functions\CPostSystemManager__SetNextWriteTime_1.c"
"CPvpCashMng","Instance","4","22","0.18","D:\repo\WorldServer\Entities\CPvpCashMng.cpp","49","D:\repo\WorldServerIdaPro\functions\CPvpCashMng__Instance_1.c"
"CRaceBossMsgController","Instance","4","22","0.18","D:\repo\WorldServer\Entities\CRaceBossMsgController.cpp","23","D:\repo\WorldServerIdaPro\functions\CRaceBossMsgController__Instance_1.c"
"CRaceBuffInfoByHolyQuest","Create","6","34","0.18","D:\repo\WorldServer\Entities\CRaceBuffInfoByHolyQuest.cpp","24","D:\repo\WorldServerIdaPro\functions\CRaceBuffInfoByHolyQuest__Create_1.c"
"CRecallEffectController","Instance","4","22","0.18","D:\repo\WorldServer\Entities\CRecallEffectController.cpp","83","D:\repo\WorldServerIdaPro\functions\CRecallEffectController__Instance_1.c"
"CReturnGateController","Instance","4","22","0.18","D:\repo\WorldServer\Entities\CReturnGateController.cpp","64","D:\repo\WorldServerIdaPro\functions\CReturnGateController__Instance_1.c"
"CRFMonsterAIMgr","Instance","4","22","0.18","D:\repo\WorldServer\Entities\CRFMonsterAIMgr.cpp","23","D:\repo\WorldServerIdaPro\functions\CRFMonsterAIMgr__Instance_1.c"
"CRtc","GetIntance","4","22","0.18","D:\repo\WorldServer\Entities\CRtc.cpp","31","D:\repo\WorldServerIdaPro\functions\CRtc__GetIntance_1.c"
"cStaticMember_Player","Instance","4","22","0.18","D:\repo\WorldServer\Entities\cStaticMember_Player.cpp","28","D:\repo\WorldServerIdaPro\functions\cStaticMember_Player__Instance_1.c"
"CSUItemSystem","Instance","4","22","0.18","D:\repo\WorldServer\Entities\CSUItemSystem.cpp","10","D:\repo\WorldServerIdaPro\functions\CSUItemSystem__Instance_1.c"
"CTalkCrystalCombineManager","Instance","4","22","0.18","D:\repo\WorldServer\Entities\CTalkCrystalCombineManager.cpp","144","D:\repo\WorldServerIdaPro\functions\CTalkCrystalCombineManager__Instance_1.c"
"CUnmannedTraderClassInfoFactory","CUnmannedTraderClassInfoFactory","6","33","0.18","D:\repo\WorldServer\Entities\CUnmannedTraderClassInfoFactory.cpp","7","D:\repo\WorldServerIdaPro\functions\CUnmannedTraderClassInfoFactory__CUnmannedTraderClassInfoFactory_1.c"
"CUnmannedTraderDivisionInfo","GetSortType","7","39","0.18","D:\repo\WorldServer\Entities\CUnmannedTraderDivisionInfo.cpp","284","D:\repo\WorldServerIdaPro\functions\CUnmannedTraderDivisionInfo__GetSortType_1.c"
"CUnmannedTraderScheduler","Instance","4","22","0.18","D:\repo\WorldServer\Entities\CUnmannedTraderScheduler.cpp","28","D:\repo\WorldServerIdaPro\functions\CUnmannedTraderScheduler__Instance_1.c"
"CUnmannedTraderUserInfoTable","Instance","4","22","0.18","D:\repo\WorldServer\Entities\CUnmannedTraderUserInfoTable.cpp","31","D:\repo\WorldServerIdaPro\functions\CUnmannedTraderUserInfoTable__Instance_1.c"
"PatriarchElectProcessor","Instance","4","22","0.18","D:\repo\WorldServer\Entities\PatriarchElectProcessor.cpp","40","D:\repo\WorldServerIdaPro\functions\PatriarchElectProcessor__Instance_1.c"
"TimeItem","Instance","4","22","0.18","D:\repo\WorldServer\Entities\TimeItem.cpp","15","D:\repo\WorldServerIdaPro\functions\TimeItem__Instance_1.c"
"TimeLimitMgr","Instance","4","22","0.18","D:\repo\WorldServer\Entities\CMainThread.cpp","880","D:\repo\WorldServerIdaPro\functions\TimeLimitMgr__Instance_1.c"
"CCryptParam","Load","9","47","0.19","D:\repo\WorldServer\Entities\CCryptParam.cpp","111","D:\repo\WorldServerIdaPro\functions\CCryptParam__Load_1.c"
"CCryptParam","LoadKey","11","57","0.19","D:\repo\WorldServer\Entities\CCryptParam.cpp","83","D:\repo\WorldServerIdaPro\functions\CCryptParam__LoadKey_1.c"
"CHolyStoneSystem","CHolyStoneSystem","7","37","0.19","D:\repo\WorldServer\Entities\CHolyStoneSystem.cpp","82","D:\repo\WorldServerIdaPro\functions\CHolyStoneSystem__CHolyStoneSystem_1.c"
"CRaceBuffInfoByHolyQuestList","Apply","4","21","0.19","D:\repo\WorldServer\Entities\CRaceBuffInfoByHolyQuestList.cpp","71","D:\repo\WorldServerIdaPro\functions\CRaceBuffInfoByHolyQuestList__Apply_1.c"
"CRaceBuffInfoByHolyQuestList","CreateComplete","4","21","0.19","D:\repo\WorldServer\Entities\CRaceBuffInfoByHolyQuestList.cpp","89","D:\repo\WorldServerIdaPro\functions\CRaceBuffInfoByHolyQuestList__CreateComplete_1.c"
"CRaceBuffInfoByHolyQuestList","Release","4","21","0.19","D:\repo\WorldServer\Entities\CRaceBuffInfoByHolyQuestList.cpp","80","D:\repo\WorldServerIdaPro\functions\CRaceBuffInfoByHolyQuestList__Release_1.c"
"CUnmannedTraderClassInfoFactory","Destroy","7","36","0.19","D:\repo\WorldServer\Entities\CUnmannedTraderClassInfoFactory.cpp","77","D:\repo\WorldServerIdaPro\functions\CUnmannedTraderClassInfoFactory__Destroy_1.c"
"CUnmannedTraderSubClassFactory","CUnmannedTraderSubClassFactory","11","57","0.19","D:\repo\WorldServer\Entities\CUnmannedTraderSubClassFactory.cpp","9","D:\repo\WorldServerIdaPro\functions\CUnmannedTraderSubClassFactory__CUnmannedTraderSubClassFactory_1.c"
"CUnmannedTraderSubClassFactory","Destroy","7","36","0.19","D:\repo\WorldServer\Entities\CUnmannedTraderSubClassFactory.cpp","85","D:\repo\WorldServerIdaPro\functions\CUnmannedTraderSubClassFactory__Destroy_1.c"
"CUnmannedTraderUserInfo","CompleteRepriceItem","9","47","0.19","D:\repo\WorldServer\Entities\CUnmannedTraderUserInfo.cpp","2273","D:\repo\WorldServerIdaPro\functions\CUnmannedTraderUserInfo__CompleteRepriceItem_1.c"
"CUnmannedTraderUserInfo","CompleteUpdateCheatRegistTime","7","37","0.19","D:\repo\WorldServer\Entities\CUnmannedTraderUserInfo.cpp","2497","D:\repo\WorldServerIdaPro\functions\CUnmannedTraderUserInfo__CompleteUpdateCheatRegistTime_1.c"
"CUnmannedTraderUserInfo","FindRegist","8","43","0.19","D:\repo\WorldServer\Entities\CUnmannedTraderUserInfo.cpp","1236","D:\repo\WorldServerIdaPro\functions\CUnmannedTraderUserInfo__FindRegist_1.c"
"CAnimus","RobbedHP","6","30","0.2","D:\repo\WorldServer\Entities\CAnimus.cpp","1691","D:\repo\WorldServerIdaPro\functions\CAnimus__RobbedHP_1.c"
"CGuardTower","RobbedHP","6","30","0.2","D:\repo\WorldServer\Entities\CGuardTower.cpp","597","D:\repo\WorldServerIdaPro\functions\CGuardTower__RobbedHP_1.c"
"CMonster","RobbedHP","6","30","0.2","D:\repo\WorldServer\Entities\CMonster.cpp","3135","D:\repo\WorldServerIdaPro\functions\CMonster__RobbedHP_1.c"
"CPlayer","RobbedHP","6","30","0.2","D:\repo\WorldServer\Entities\CPlayer.cpp","6069","D:\repo\WorldServerIdaPro\functions\CPlayer__RobbedHP_1.c"
"CRFWorldDatabase","UpdateGuildMoney","4","20","0.2","D:\repo\WorldServer\Entities\CRFWorldDatabase_Ranking.cpp","1508","D:\repo\WorldServerIdaPro\functions\CRFWorldDatabase__UpdateGuildMoney_1.c"
"CUnmannedTraderClassInfoTableType","IsExistGroupID","9","46","0.2","D:\repo\WorldServer\Entities\CUnmannedTraderClassInfoTableType.cpp","197","D:\repo\WorldServerIdaPro\functions\CUnmannedTraderClassInfoTableType__IsExistGroupID_1.c"
"Voter","Voter","4","20","0.2","D:\repo\WorldServer\Entities\Voter.cpp","14","D:\repo\WorldServerIdaPro\functions\Voter__Voter_1.c"
"CashItemRemoteStore","FindCashRec","8","39","0.21","D:\repo\WorldServer\Entities\CashItemRemoteStore.cpp","1450","D:\repo\WorldServerIdaPro\functions\CashItemRemoteStore__FindCashRec_1.c"
"CBsp","EdgeTest","12","57","0.21","D:\repo\WorldServer\Entities\CBsp.cpp","1728","D:\repo\WorldServerIdaPro\functions\CBsp__EdgeTest.c"
"CDisplay","Blt","5","24","0.21","D:\repo\WorldServer\Entities\CDisplay.cpp","491","D:\repo\WorldServerIdaPro\functions\CDisplay__Blt_2.c"
"CGuildRoomInfo","OutAllRoomMember","5","24","0.21","D:\repo\WorldServer\Entities\CGuildRoomInfo.cpp","248","D:\repo\WorldServerIdaPro\functions\CGuildRoomInfo__OutAllRoomMember_1.c"
"CGuildRoomSystem","SetPlayerOut","6","29","0.21","D:\repo\WorldServer\Entities\CGuildRoomSystem.cpp","506","D:\repo\WorldServerIdaPro\functions\CGuildRoomSystem__SetPlayerOut_1.c"
"CItemLootTable","CItemLootTable","5","24","0.21","D:\repo\WorldServer\Entities\CItemLootTable.cpp","13","D:\repo\WorldServerIdaPro\functions\CItemLootTable__CItemLootTable_1.c"
"CMoveMapLimitInfoPortal","ProcUseMoveScroll","10","48","0.21","D:\repo\WorldServer\Entities\CMoveMapLimitInfoPortal.cpp","247","D:\repo\WorldServerIdaPro\functions\CMoveMapLimitInfoPortal__ProcUseMoveScroll_1.c"
"CMoveMapLimitRightInfo","CleanUp","6","29","0.21","D:\repo\WorldServer\Entities\CMoveMapLimitRightInfo.cpp","107","D:\repo\WorldServerIdaPro\functions\CMoveMapLimitRightInfo__CleanUp_1.c"
"CUnmannedTraderClassInfoTableType","IsValidID","9","43","0.21","D:\repo\WorldServer\Entities\CUnmannedTraderClassInfoTableType.cpp","220","D:\repo\WorldServerIdaPro\functions\CUnmannedTraderClassInfoTableType__IsValidID_1.c"
"CUnmannedTraderGroupIDInfo","GetIDInfo","13","61","0.21","D:\repo\WorldServer\Entities\CUnmannedTraderGroupIDInfo.cpp","76","D:\repo\WorldServerIdaPro\functions\CUnmannedTraderGroupIDInfo__GetIDInfo_1.c"
"CUnmannedTraderGroupIDInfo","GetSortType","10","47","0.21","D:\repo\WorldServer\Entities\CUnmannedTraderGroupIDInfo.cpp","175","D:\repo\WorldServerIdaPro\functions\CUnmannedTraderGroupIDInfo__GetSortType_1.c"
"PotionInnerData","Init","9","43","0.21","D:\repo\WorldServer\Entities\CPotionMgr.cpp","37","D:\repo\WorldServerIdaPro\functions\PotionInnerData__Init_1.c"
"TimeItem","FindTimeRec","8","39","0.21","D:\repo\WorldServer\Entities\TimeItem.cpp","24","D:\repo\WorldServerIdaPro\functions\TimeItem__FindTimeRec_1.c"
"CCryptor","Init","14","65","0.22","D:\repo\WorldServer\Entities\CCryptor.cpp","40","D:\repo\WorldServerIdaPro\functions\CCryptor__Init_1.c"
"CItemStoreManager","Init","24","107","0.22","D:\repo\WorldServer\Entities\CItemStoreManager.cpp","71","D:\repo\WorldServerIdaPro\functions\CItemStoreManager__Init_1.c"
"CNationCodeStrTable","RegistCode","39","181","0.22","D:\repo\WorldServer\Entities\CNationCodeStrTable.cpp","25","D:\repo\WorldServerIdaPro\functions\CNationCodeStrTable__RegistCode_1.c"
"CUnmannedTraderClassInfoFactory","Create","10","45","0.22","D:\repo\WorldServer\Entities\CUnmannedTraderClassInfoFactory.cpp","22","D:\repo\WorldServerIdaPro\functions\CUnmannedTraderClassInfoFactory__Create_1.c"
"CUnmannedTraderSubClassFactory","Create","10","45","0.22","D:\repo\WorldServer\Entities\CUnmannedTraderSubClassFactory.cpp","31","D:\repo\WorldServerIdaPro\functions\CUnmannedTraderSubClassFactory__Create_1.c"
"CUnmannedTraderUserInfo","GetCurrentRegItemStateStr","10","46","0.22","D:\repo\WorldServer\Entities\CUnmannedTraderUserInfo.cpp","1277","D:\repo\WorldServerIdaPro\functions\CUnmannedTraderUserInfo__GetCurrentRegItemStateStr_1.c"
"SecondCandidateCrystallizer","Doit","5","23","0.22","D:\repo\WorldServer\Entities\SecondCandidateCrystallizer.cpp","31","D:\repo\WorldServerIdaPro\functions\SecondCandidateCrystallizer__Doit_1.c"
"CashItemRemoteStore","Instance","5","22","0.23","D:\repo\WorldServer\Entities\CashItemRemoteStore.cpp","56","D:\repo\WorldServerIdaPro\functions\CashItemRemoteStore__Instance_1.c"
"CIniFile","DeleteKey","14","60","0.23","D:\repo\WorldServer\Entities\CIniFile.cpp","292","D:\repo\WorldServerIdaPro\functions\CIniFile__DeleteKey_3.c"
"CMainThread","gm_DungeonLoad","7","30","0.23","D:\repo\WorldServer\Entities\CMainThread.cpp","514","D:\repo\WorldServerIdaPro\functions\CMainThread__gm_DungeonLoad_1.c"
"CMoveMapLimitRightInfoList","Init","18","77","0.23","D:\repo\WorldServer\Entities\CMoveMapLimitRightInfoList.cpp","17","D:\repo\WorldServerIdaPro\functions\CMoveMapLimitRightInfoList__Init_1.c"
"CNationSettingManager","RecvGameGuardData","5","22","0.23","D:\repo\WorldServer\Entities\CNationSettingManager.cpp","234","D:\repo\WorldServerIdaPro\functions\CNationSettingManager__RecvGameGuardData_1.c"
"CUnmannedTraderDivisionInfo","IsExistSortTypeID","9","39","0.23","D:\repo\WorldServer\Entities\CUnmannedTraderDivisionInfo.cpp","179","D:\repo\WorldServerIdaPro\functions\CUnmannedTraderDivisionInfo__IsExistSortTypeID_1.c"
"CUnmannedTraderDivisionInfo","IsValidID","9","39","0.23","D:\repo\WorldServer\Entities\CUnmannedTraderDivisionInfo.cpp","200","D:\repo\WorldServerIdaPro\functions\CUnmannedTraderDivisionInfo__IsValidID_1.c"
"CUnmannedTraderGroupIDInfo","IsExistID","9","39","0.23","D:\repo\WorldServer\Entities\CUnmannedTraderGroupIDInfo.cpp","55","D:\repo\WorldServerIdaPro\functions\CUnmannedTraderGroupIDInfo__IsExistID_1.c"
"CUnmannedTraderLazyCleaner","Init","6","26","0.23","D:\repo\WorldServer\Entities\CUnmannedTraderLazyCleaner.cpp","24","D:\repo\WorldServerIdaPro\functions\CUnmannedTraderLazyCleaner__Init_1.c"
"CUnmannedTraderTaxRateManager","CleanUp","9","39","0.23","D:\repo\WorldServer\Entities\CUnmannedTraderTaxRateManager.cpp","21","D:\repo\WorldServerIdaPro\functions\CUnmannedTraderTaxRateManager__CleanUp_1.c"
"CWeeklyGuildRankManager","SetSettlementAreaManageOwnerGuild","7","30","0.23","D:\repo\WorldServer\Entities\CWeeklyGuildRankManager.cpp","260","D:\repo\WorldServerIdaPro\functions\CWeeklyGuildRankManager__SetSettlementAreaManageOwnerGuild_1.c"
"CMoveMapLimitInfo","Create","5","21","0.24","D:\repo\WorldServer\Entities\CMoveMapLimitInfo.cpp","50","D:\repo\WorldServerIdaPro\functions\CMoveMapLimitInfo__Create_1.c"
"CMoveMapLimitRight","Create","5","21","0.24","D:\repo\WorldServer\Entities\CMoveMapLimitRight.cpp","17","D:\repo\WorldServerIdaPro\functions\CMoveMapLimitRight__Create_1.c"
"COreCuttingTable","ReadRecord","10","41","0.24","D:\repo\WorldServer\Entities\COreCuttingTable.cpp","26","D:\repo\WorldServerIdaPro\functions\COreCuttingTable__ReadRecord_1.c"
"CPlayer","dev_die","9","37","0.24","D:\repo\WorldServer\Entities\CPlayer_Cheat.cpp","251","D:\repo\WorldServerIdaPro\functions\CPlayer__dev_die_1.c"
"CTransportShip","CTransportShip","8","34","0.24","D:\repo\WorldServer\Entities\CTransportShip.cpp","28","D:\repo\WorldServerIdaPro\functions\CTransportShip__CTransportShip_1.c"
"CUnmannedTraderClassInfoTableType","GetGroupID","12","49","0.24","D:\repo\WorldServer\Entities\CUnmannedTraderClassInfoTableType.cpp","152","D:\repo\WorldServerIdaPro\functions\CUnmannedTraderClassInfoTableType__GetGroupID_3.c"
"CUnmannedTraderScheduler","Init","12","50","0.24","D:\repo\WorldServer\Entities\CUnmannedTraderScheduler.cpp","46","D:\repo\WorldServerIdaPro\functions\CUnmannedTraderScheduler__Init_1.c"
"CWeeklyGuildRankInfo","GetCurOwnerGuild","8","33","0.24","D:\repo\WorldServer\Entities\CWeeklyGuildRankInfo.cpp","428","D:\repo\WorldServerIdaPro\functions\CWeeklyGuildRankInfo__GetCurOwnerGuild_1.c"
"CWeeklyGuildRankInfo","GetPrevOwnerGuild","8","33","0.24","D:\repo\WorldServer\Entities\CWeeklyGuildRankInfo.cpp","414","D:\repo\WorldServerIdaPro\functions\CWeeklyGuildRankInfo__GetPrevOwnerGuild_1.c"
"CDarkHoleDungeonQuest","CDarkHoleDungeonQuest","6","24","0.25","D:\repo\WorldServer\Entities\CDarkHoleDungeonQuest.cpp","24","D:\repo\WorldServerIdaPro\functions\CDarkHoleDungeonQuest__CDarkHoleDungeonQuest_1.c"
"CGuildRoomSystem","RoomIn","6","24","0.25","D:\repo\WorldServer\Entities\CGuildRoomSystem.cpp","480","D:\repo\WorldServerIdaPro\functions\CGuildRoomSystem__RoomIn_1.c"
"CGuildRoomSystem","RoomOut","6","24","0.25","D:\repo\WorldServer\Entities\CGuildRoomSystem.cpp","493","D:\repo\WorldServerIdaPro\functions\CGuildRoomSystem__RoomOut_1.c"
"CMapItemStoreList","CopyItemStoreData","25","99","0.25","D:\repo\WorldServer\Entities\CMapItemStoreList.cpp","34","D:\repo\WorldServerIdaPro\functions\CMapItemStoreList__CopyItemStoreData_1.c"
"CNationCodeStrTable","GetCode","6","24","0.25","D:\repo\WorldServer\Entities\CNationCodeStrTable.cpp","104","D:\repo\WorldServerIdaPro\functions\CNationCodeStrTable__GetCode_1.c"
"CQuestMgr","CQuestMgr","6","24","0.25","D:\repo\WorldServer\Entities\CQuestMgr.cpp","28","D:\repo\WorldServerIdaPro\functions\CQuestMgr__CQuestMgr_1.c"
"CRaceBuffInfoByHolyQuestfGroup","Apply","6","24","0.25","D:\repo\WorldServer\Entities\CRaceBuffInfoByHolyQuestfGroup.cpp","55","D:\repo\WorldServerIdaPro\functions\CRaceBuffInfoByHolyQuestfGroup__Apply_1.c"
"CRaceBuffInfoByHolyQuestfGroup","CreateComplete","6","24","0.25","D:\repo\WorldServer\Entities\CRaceBuffInfoByHolyQuestfGroup.cpp","81","D:\repo\WorldServerIdaPro\functions\CRaceBuffInfoByHolyQuestfGroup__CreateComplete_1.c"
"CRaceBuffInfoByHolyQuestfGroup","Release","6","24","0.25","D:\repo\WorldServer\Entities\CRaceBuffInfoByHolyQuestfGroup.cpp","68","D:\repo\WorldServerIdaPro\functions\CRaceBuffInfoByHolyQuestfGroup__Release_1.c"
"CUnmannedTraderSubClassInfoCode","GetGroupID","12","48","0.25","D:\repo\WorldServer\Entities\CUnmannedTraderSubClassInfoCode.cpp","75","D:\repo\WorldServerIdaPro\functions\CUnmannedTraderSubClassInfoCode__GetGroupID_1.c"
"CUnmannedTraderUserInfo","Clear","8","32","0.25","D:\repo\WorldServer\Entities\CUnmannedTraderUserInfo.cpp","196","D:\repo\WorldServerIdaPro\functions\CUnmannedTraderUserInfo__Clear_1.c"
"CBsp","GetFinalPath","35","133","0.26","D:\repo\WorldServer\Entities\CBsp.cpp","363","D:\repo\WorldServerIdaPro\functions\CBsp__GetFinalPath.c"
"CChiNetworkEX","Send_ClienInform","6","23","0.26","D:\repo\WorldServer\Entities\CChiNetworkEX.cpp","75","D:\repo\WorldServerIdaPro\functions\CChiNetworkEX__Send_ClienInform_1.c"
"CHonorGuild","Init","11","43","0.26","D:\repo\WorldServer\Entities\CHonorGuild.cpp","68","D:\repo\WorldServerIdaPro\functions\CHonorGuild__Init_1.c"
"CLogTypeDBTaskManager","CleanUp","8","31","0.26","D:\repo\WorldServer\Entities\CLogTypeDBTaskManager.cpp","661","D:\repo\WorldServerIdaPro\functions\CLogTypeDBTaskManager__CleanUp_1.c"
"CNationSettingFactory","RegistCheatEndRecord","9","34","0.26","D:\repo\WorldServer\Entities\CNationSettingFactory.cpp","598","D:\repo\WorldServerIdaPro\functions\CNationSettingFactory__RegistCheatEndRecord_1.c"
"CNationSettingManager","Init","11","42","0.26","D:\repo\WorldServer\Entities\CNationSettingManager.cpp","25","D:\repo\WorldServerIdaPro\functions\CNationSettingManager__Init_1.c"
"CPlayer","GetFireTol","7","27","0.26","D:\repo\WorldServer\Entities\CPlayer_Combat.cpp","3023","D:\repo\WorldServerIdaPro\functions\CPlayer__GetFireTol_1.c"
"CPlayer","GetSoilTol","7","27","0.26","D:\repo\WorldServer\Entities\CPlayer_Combat.cpp","3055","D:\repo\WorldServerIdaPro\functions\CPlayer__GetSoilTol_1.c"
"CPlayer","GetWaterTol","7","27","0.26","D:\repo\WorldServer\Entities\CPlayer_Combat.cpp","3067","D:\repo\WorldServerIdaPro\functions\CPlayer__GetWaterTol_1.c"
"CPlayer","GetWindTol","7","27","0.26","D:\repo\WorldServer\Entities\CPlayer_Combat.cpp","3115","D:\repo\WorldServerIdaPro\functions\CPlayer__GetWindTol_1.c"
"CTotalGuildRankManager","Send","6","23","0.26","D:\repo\WorldServer\Entities\CTotalGuildRankManager.cpp","83","D:\repo\WorldServerIdaPro\functions\CTotalGuildRankManager__Send_1.c"
"CUnmannedTraderGroupIDInfo","GetGroupID","17","66","0.26","D:\repo\WorldServer\Entities\CUnmannedTraderGroupIDInfo.cpp","120","D:\repo\WorldServerIdaPro\functions\CUnmannedTraderGroupIDInfo__GetGroupID_3.c"
"CWeeklyGuildRankManager","Send","6","23","0.26","D:\repo\WorldServer\Entities\CWeeklyGuildRankManager.cpp","677","D:\repo\WorldServerIdaPro\functions\CWeeklyGuildRankManager__Send_1.c"
"CAsyncLogger","Regist","42","156","0.27","D:\repo\WorldServer\Entities\CAsyncLogger.cpp","50","D:\repo\WorldServerIdaPro\functions\CAsyncLogger__Regist_1.c"
"CItemStoreManager","SetEnforceInitNormalStore","11","41","0.27","D:\repo\WorldServer\Entities\CItemStoreManager.cpp","604","D:\repo\WorldServerIdaPro\functions\CItemStoreManager__SetEnforceInitNormalStore_1.c"
"CMonster","CMonster","7","26","0.27","D:\repo\WorldServer\Entities\CMonster.cpp","53","D:\repo\WorldServerIdaPro\functions\CMonster__CMonster_1.c"
"CMoveMapLimitInfoPortal","Init","7","26","0.27","D:\repo\WorldServer\Entities\CMoveMapLimitInfoPortal.cpp","46","D:\repo\WorldServerIdaPro\functions\CMoveMapLimitInfoPortal__Init_1.c"
"CMoveMapLimitManager","Instance","6","22","0.27","D:\repo\WorldServer\Entities\CMainThread.cpp","1659","D:\repo\WorldServerIdaPro\functions\CMoveMapLimitManager__Instance_1.c"
"CNetworkEX","AlterWindowInfoRequest","6","22","0.27","D:\repo\WorldServer\Entities\CNetworkEX.cpp","5992","D:\repo\WorldServerIdaPro\functions\CNetworkEX__AlterWindowInfoRequest_1.c"
"CRaceBuffManager","Instance","6","22","0.27","D:\repo\WorldServer\Entities\CMainThread.cpp","1667","D:\repo\WorldServerIdaPro\functions\CRaceBuffManager__Instance_1.c"
"CUnmannedTraderScheduler","Loop","16","60","0.27","D:\repo\WorldServer\Entities\CUnmannedTraderScheduler.cpp","88","D:\repo\WorldServerIdaPro\functions\CUnmannedTraderScheduler__Loop_1.c"
"CUnmannedTraderScheduler","Update","12","44","0.27","D:\repo\WorldServer\Entities\CUnmannedTraderScheduler.cpp","173","D:\repo\WorldServerIdaPro\functions\CUnmannedTraderScheduler__Update_1.c"
"CUnmannedTraderUserInfo","CompleteUpdateState","12","44","0.27","D:\repo\WorldServer\Entities\CUnmannedTraderUserInfo.cpp","1326","D:\repo\WorldServerIdaPro\functions\CUnmannedTraderUserInfo__CompleteUpdateState_1.c"
"BossSchedule","Make_LastTimeRespawnSystemTime","16","58","0.28","D:\repo\WorldServer\Entities\BossSchedule.cpp","50","D:\repo\WorldServerIdaPro\functions\BossSchedule__Make_LastTimeRespawnSystemTime_1.c"
"BossSchedule_Map","Clear","7","25","0.28","D:\repo\WorldServer\Entities\BossSchedule.cpp","185","D:\repo\WorldServerIdaPro\functions\BossSchedule_Map__Clear_1.c"
"CBsp","MakeEdgeNormal","46","163","0.28","D:\repo\WorldServer\Entities\CBsp.cpp","2788","D:\repo\WorldServerIdaPro\functions\CBsp__MakeEdgeNormal.c"
"CDarkHoleChannel","SendMsg_ChannelClose","7","25","0.28","D:\repo\WorldServer\Entities\CDarkHoleChannel.cpp","1932","D:\repo\WorldServerIdaPro\functions\CDarkHoleChannel__SendMsg_ChannelClose_1.c"
"CDarkHoleChannel","SendMsg_QuestPass","7","25","0.28","D:\repo\WorldServer\Entities\CDarkHoleChannel.cpp","2096","D:\repo\WorldServerIdaPro\functions\CDarkHoleChannel__SendMsg_QuestPass_1.c"
"CDarkHoleChannel","SendMsg_TimeOut","7","25","0.28","D:\repo\WorldServer\Entities\CDarkHoleChannel.cpp","2110","D:\repo\WorldServerIdaPro\functions\CDarkHoleChannel__SendMsg_TimeOut_1.c"
"CGuildRoomSystem","IsGuildRoomMemberIn","7","25","0.28","D:\repo\WorldServer\Entities\CGuildRoomSystem.cpp","384","D:\repo\WorldServerIdaPro\functions\CGuildRoomSystem__IsGuildRoomMemberIn_1.c"
"CNuclearBomb","Attack","7","25","0.28","D:\repo\WorldServer\Entities\CNuclearBomb.cpp","167","D:\repo\WorldServerIdaPro\functions\CNuclearBomb__Attack_1.c"
"CPlayer","IsHaveMentalTicket","7","25","0.28","D:\repo\WorldServer\Entities\CPlayer.cpp","3977","D:\repo\WorldServerIdaPro\functions\CPlayer__IsHaveMentalTicket_1.c"
"CRecallEffectController","Init","22","80","0.28","D:\repo\WorldServer\Entities\CRecallEffectController.cpp","92","D:\repo\WorldServerIdaPro\functions\CRecallEffectController__Init_1.c"
"CRecordData","ReadRecord_Ex","22","79","0.28","D:\repo\WorldServer\Entities\CRecordData.cpp","108","D:\repo\WorldServerIdaPro\functions\CRecordData__ReadRecord_Ex_1.c"
"CUnmannedTraderClassInfoFactory","Regist","16","58","0.28","D:\repo\WorldServer\Entities\CUnmannedTraderClassInfoFactory.cpp","45","D:\repo\WorldServerIdaPro\functions\CUnmannedTraderClassInfoFactory__Regist_1.c"
"CUnmannedTraderClassInfoTableCodeType","GetGroupID","14","50","0.28","D:\repo\WorldServer\Entities\CUnmannedTraderClassInfoTableCodeType.cpp","58","D:\repo\WorldServerIdaPro\functions\CUnmannedTraderClassInfoTableCodeType__GetGroupID_2.c"
"CUnmannedTraderDivisionInfo","CleanUp","13","46","0.28","D:\repo\WorldServer\Entities\CUnmannedTraderDivisionInfo.cpp","23","D:\repo\WorldServerIdaPro\functions\CUnmannedTraderDivisionInfo__CleanUp_1.c"
"CUnmannedTraderSubClassFactory","Regist","16","58","0.28","D:\repo\WorldServer\Entities\CUnmannedTraderSubClassFactory.cpp","53","D:\repo\WorldServerIdaPro\functions\CUnmannedTraderSubClassFactory__Regist_1.c"
"CUnmannedTraderUserInfo","GetCloseItemForPassTimeUpdateInfo","16","58","0.28","D:\repo\WorldServer\Entities\CUnmannedTraderUserInfo.cpp","1293","D:\repo\WorldServerIdaPro\functions\CUnmannedTraderUserInfo__GetCloseItemForPassTimeUpdateInfo_1.c"
"CGuildBattleController","CompleteCreateGuildBattleRankTable","7","24","0.29","D:\repo\WorldServer\Entities\CGuildBattleController.cpp","526","D:\repo\WorldServerIdaPro\functions\CGuildBattleController__CompleteCreateGuildBattleRankTable_1.c"
"CGuildRoomInfo","IsMemberIn","6","21","0.29","D:\repo\WorldServer\Entities\CGuildRoomInfo.cpp","124","D:\repo\WorldServerIdaPro\functions\CGuildRoomInfo__IsMemberIn_1.c"
"CMapDisplay","ReleaseDisplay","20","69","0.29","D:\repo\WorldServer\Entities\CMapDisplay.cpp","656","D:\repo\WorldServerIdaPro\functions\CMapDisplay__ReleaseDisplay_1.c"
"CNetSocket","SetSocket","20","70","0.29","D:\repo\WorldServer\Entities\CNetProcess.cpp","465","D:\repo\WorldServerIdaPro\functions\CNetSocket__SetSocket_1.c"
"CRecallEffectController","CleanUp","17","58","0.29","D:\repo\WorldServer\Entities\CRecallEffectController.cpp","29","D:\repo\WorldServerIdaPro\functions\CRecallEffectController__CleanUp_1.c"
"CReturnGateController","Init","25","87","0.29","D:\repo\WorldServer\Entities\CReturnGateController.cpp","73","D:\repo\WorldServerIdaPro\functions\CReturnGateController__Init_1.c"
"CServerTab","UpdateServerTab","21","72","0.29","D:\repo\WorldServer\Entities\CInfoSheetTabs.cpp","299","D:\repo\WorldServerIdaPro\functions\CServerTab__UpdateServerTab_1.c"
"CSetItemEffect","Check_EquipItem","6","21","0.29","D:\repo\WorldServer\Entities\CSetItemEffect.cpp","136","D:\repo\WorldServerIdaPro\functions\CSetItemEffect__Check_EquipItem_1.c"
"CUnmannedTraderGroupIDInfo","IsExistGroupID","16","55","0.29","D:\repo\WorldServer\Entities\CUnmannedTraderGroupIDInfo.cpp","148","D:\repo\WorldServerIdaPro\functions\CUnmannedTraderGroupIDInfo__IsExistGroupID_1.c"
"CUnmannedTraderTradeInfo","Init","8","28","0.29","D:\repo\WorldServer\Entities\CUnmannedTraderTradeInfo.cpp","34","D:\repo\WorldServerIdaPro\functions\CUnmannedTraderTradeInfo__Init_1.c"
"PatriarchElectProcessor","CompleteCheckInvalidChar","7","24","0.29","D:\repo\WorldServer\Entities\PatriarchElectProcessor.cpp","924","D:\repo\WorldServerIdaPro\functions\PatriarchElectProcessor__CompleteCheckInvalidChar_1.c"
"AggroCaculateData","GetSpecialData","6","20","0.3","D:\repo\WorldServer\Entities\AggroCaculateData.cpp","39","D:\repo\WorldServerIdaPro\functions\AggroCaculateData__GetSpecialData_1.c"
"CandidateMgr","Initialize","20","67","0.3","D:\repo\WorldServer\Entities\CandidateMgr.cpp","86","D:\repo\WorldServerIdaPro\functions\CandidateMgr__Initialize_1.c"
"CAsyncLogger","Log","27","90","0.3","D:\repo\WorldServer\Entities\CAsyncLogger.cpp","263","D:\repo\WorldServerIdaPro\functions\CAsyncLogger__Log_2.c"
"CAsyncLogger","LogFromArg","30","100","0.3","D:\repo\WorldServer\Entities\CAsyncLogger.cpp","301","D:\repo\WorldServerIdaPro\functions\CAsyncLogger__LogFromArg_1.c"
"CGuildList","Init","10","33","0.3","D:\repo\WorldServer\Entities\CGuildList.cpp","39","D:\repo\WorldServerIdaPro\functions\CGuildList__Init_1.c"
"CGuildRoomSystem","GetRoomType","6","20","0.3","D:\repo\WorldServer\Entities\CGuildRoomSystem.cpp","371","D:\repo\WorldServerIdaPro\functions\CGuildRoomSystem__GetRoomType_1.c"
"CLogTypeDBTaskManager","InitLogger","9","30","0.3","D:\repo\WorldServer\Entities\CLogTypeDBTaskManager.cpp","435","D:\repo\WorldServerIdaPro\functions\CLogTypeDBTaskManager__InitLogger_1.c"
"CMapData","OpenMap","43","141","0.3","D:\repo\WorldServer\Entities\CMapData.cpp","110","D:\repo\WorldServerIdaPro\functions\CMapData__OpenMap_1.c"
"CMoveMapLimitManager","Init","9","30","0.3","D:\repo\WorldServer\Entities\CMoveMapLimitManager.cpp","31","D:\repo\WorldServerIdaPro\functions\CMoveMapLimitManager__Init_1.c"
"CPlayer","GetInitClassCost","6","20","0.3","D:\repo\WorldServer\Entities\CPlayer.cpp","10958","D:\repo\WorldServerIdaPro\functions\CPlayer__GetInitClassCost_1.c"
"CPlayer","pc_RequestTaxRate","6","20","0.3","D:\repo\WorldServer\Entities\CPlayer_Targeting.cpp","2647","D:\repo\WorldServerIdaPro\functions\CPlayer__pc_RequestTaxRate_1.c"
"CUnmannedTraderClassInfoTableType","CleanUp","8","27","0.3","D:\repo\WorldServer\Entities\CUnmannedTraderClassInfoTableType.cpp","20","D:\repo\WorldServerIdaPro\functions\CUnmannedTraderClassInfoTableType__CleanUp_1.c"
"CUnmannedTraderGroupIDInfo","CleanUp","8","27","0.3","D:\repo\WorldServer\Entities\CUnmannedTraderGroupIDInfo.cpp","19","D:\repo\WorldServerIdaPro\functions\CUnmannedTraderGroupIDInfo__CleanUp_1.c"
"CUnmannedTraderUserInfo","CheatCancelRegistAll","19","64","0.3","D:\repo\WorldServer\Entities\CUnmannedTraderUserInfo.cpp","1059","D:\repo\WorldServerIdaPro\functions\CUnmannedTraderUserInfo__CheatCancelRegistAll_1.c"
"CUnmannedTraderUserInfo","SendBuyErrorResult","6","20","0.3","D:\repo\WorldServer\Entities\CUnmannedTraderUserInfo.cpp","2944","D:\repo\WorldServerIdaPro\functions\CUnmannedTraderUserInfo__SendBuyErrorResult_1.c"
"CUnmannedTraderUserInfoTable","CancelRegist","6","20","0.3","D:\repo\WorldServer\Entities\CUnmannedTraderUserInfoTable.cpp","114","D:\repo\WorldServerIdaPro\functions\CUnmannedTraderUserInfoTable__CancelRegist_1.c"
"CUnmannedTraderUserInfoTable","ClearRequest","6","20","0.3","D:\repo\WorldServer\Entities\CUnmannedTraderUserInfoTable.cpp","298","D:\repo\WorldServerIdaPro\functions\CUnmannedTraderUserInfoTable__ClearRequest_1.c"
"CUnmannedTraderUserInfoTable","ModifyPrice","6","20","0.3","D:\repo\WorldServer\Entities\CUnmannedTraderUserInfoTable.cpp","103","D:\repo\WorldServerIdaPro\functions\CUnmannedTraderUserInfoTable__ModifyPrice_1.c"
"CUnmannedTraderUserInfoTable","ReRegist","6","20","0.3","D:\repo\WorldServer\Entities\CUnmannedTraderUserInfoTable.cpp","147","D:\repo\WorldServerIdaPro\functions\CUnmannedTraderUserInfoTable__ReRegist_1.c"
"PatriarchElectProcessor","SendMsg_ResultCode","6","20","0.3","D:\repo\WorldServer\Entities\PatriarchElectProcessor.cpp","376","D:\repo\WorldServerIdaPro\functions\PatriarchElectProcessor__SendMsg_ResultCode_1.c"
"AutominePersonalMgr","init_objects","14","45","0.31","D:\repo\WorldServer\Entities\AutominePersonalMgr.cpp","84","D:\repo\WorldServerIdaPro\functions\AutominePersonalMgr__init_objects_1.c"
"CandidateMgr","DischargePatriarchGroup","10","32","0.31","D:\repo\WorldServer\Entities\CandidateMgr.cpp","206","D:\repo\WorldServerIdaPro\functions\CandidateMgr__DischargePatriarchGroup_1.c"
"CBsp","GetLightMapUVFromPoint","81","262","0.31","D:\repo\WorldServer\Entities\CBsp.cpp","1138","D:\repo\WorldServerIdaPro\functions\CBsp__GetLightMapUVFromPoint.c"
"CHolyStoneSystem","GetStartBattleTickTime","12","39","0.31","D:\repo\WorldServer\Entities\CHolyStoneSystem.cpp","626","D:\repo\WorldServerIdaPro\functions\CHolyStoneSystem__GetStartBattleTickTime_1.c"
"CItemStore","SetLimitItemInitTime","12","39","0.31","D:\repo\WorldServer\Entities\CItemStore.cpp","265","D:\repo\WorldServerIdaPro\functions\CItemStore__SetLimitItemInitTime_1.c"
"CMainThread","ObjectInit","107","344","0.31","D:\repo\WorldServer\Entities\CMainThread.cpp","3175","D:\repo\WorldServerIdaPro\functions\CMainThread__ObjectInit_1.c"
"CMainThread","SetGlobalDataName","394","1277","0.31","D:\repo\WorldServer\Entities\CMainThread.cpp","2260","D:\repo\WorldServerIdaPro\functions\CMainThread__SetGlobalDataName_1.c"
"CMsgData","Init","17","55","0.31","D:\repo\WorldServer\Entities\CMsgData.cpp","54","D:\repo\WorldServerIdaPro\functions\CMsgData__Init_1.c"
"CNetProcess","CNetProcess","18","58","0.31","D:\repo\WorldServer\Entities\CNetProcess.cpp","873","D:\repo\WorldServerIdaPro\functions\CNetProcess__CNetProcess_1.c"
"CPlayer","SendMsg_PotionDelayTime","8","26","0.31","D:\repo\WorldServer\Entities\CPlayer_Combat.cpp","2531","D:\repo\WorldServerIdaPro\functions\CPlayer__SendMsg_PotionDelayTime_1.c"
"CReturnGateController","CleanUp","18","59","0.31","D:\repo\WorldServer\Entities\CReturnGateController.cpp","27","D:\repo\WorldServerIdaPro\functions\CReturnGateController__CleanUp_1.c"
"CUnmannedTraderDivisionInfo","GetGroupID","18","58","0.31","D:\repo\WorldServer\Entities\CUnmannedTraderDivisionInfo.cpp","302","D:\repo\WorldServerIdaPro\functions\CUnmannedTraderDivisionInfo__GetGroupID_3.c"
"CUnmannedTraderGroupItemInfoTable","Init","11","35","0.31","D:\repo\WorldServer\Entities\CUnmannedTraderGroupItemInfoTable.cpp","30","D:\repo\WorldServerIdaPro\functions\CUnmannedTraderGroupItemInfoTable__Init_1.c"
"CUnmannedTraderTaxRateManager","Init","16","51","0.31","D:\repo\WorldServer\Entities\CUnmannedTraderTaxRateManager.cpp","62","D:\repo\WorldServerIdaPro\functions\CUnmannedTraderTaxRateManager__Init_1.c"
"lua_tinker","enum_stack","32","102","0.31","D:\repo\WorldServer\Entities\LuaTinker.cpp","267","D:\repo\WorldServerIdaPro\functions\lua_tinker__enum_stack_1.c"
"CAsyncLogger","FormatLog","33","103","0.32","D:\repo\WorldServer\Entities\CAsyncLogger.cpp","345","D:\repo\WorldServerIdaPro\functions\CAsyncLogger__FormatLog_1.c"
"CBossMonsterScheduleSystem","Instance","7","22","0.32","D:\repo\WorldServer\Entities\CBossMonsterScheduleSystem.cpp","19","D:\repo\WorldServerIdaPro\functions\CBossMonsterScheduleSystem__Instance_1.c"
"CBsp","GetColorFromPoint","92","285","0.32","D:\repo\WorldServer\Entities\CBsp.cpp","1016","D:\repo\WorldServerIdaPro\functions\CBsp__GetColorFromPoint.c"
"CBsp","GetFirstYpos","46","143","0.32","D:\repo\WorldServer\Entities\CBsp.cpp","524","D:\repo\WorldServerIdaPro\functions\CBsp__GetFirstYpos.c"
"CChiNetworkEX","Send_Trans","8","25","0.32","D:\repo\WorldServer\Entities\CChiNetworkEX.cpp","62","D:\repo\WorldServerIdaPro\functions\CChiNetworkEX__Send_Trans_1.c"
"CGuildRanking","UpdateRankinGuildStep5","23","71","0.32","D:\repo\WorldServer\Entities\CGuildRanking.cpp","609","D:\repo\WorldServerIdaPro\functions\CGuildRanking__UpdateRankinGuildStep5_1.c"
"CGuildRoomInfo","RoomOut","7","22","0.32","D:\repo\WorldServer\Entities\CGuildRoomInfo.cpp","300","D:\repo\WorldServerIdaPro\functions\CGuildRoomInfo__RoomOut_1.c"
"CItemStore","CalcBuyPrice","9","28","0.32","D:\repo\WorldServer\Entities\CItemStore.cpp","589","D:\repo\WorldServerIdaPro\functions\CItemStore__CalcBuyPrice_1.c"
"CLevel","CLevel","9","28","0.32","D:\repo\WorldServer\Entities\CLevel.cpp","13","D:\repo\WorldServerIdaPro\functions\CLevel__CLevel.c"
"CPlayer","SendMsg_AdjustAmountInform","7","22","0.32","D:\repo\WorldServer\Entities\CPlayer.cpp","15404","D:\repo\WorldServerIdaPro\functions\CPlayer__SendMsg_AdjustAmountInform_1.c"
"CPlayer","SendMsg_AlterItemDurInform","7","22","0.32","D:\repo\WorldServer\Entities\CPlayer.cpp","5221","D:\repo\WorldServerIdaPro\functions\CPlayer__SendMsg_AlterItemDurInform_1.c"
"CPlayer","SendMsg_BuddyLoginInform","7","22","0.32","D:\repo\WorldServer\Entities\CPlayer_Targeting.cpp","291","D:\repo\WorldServerIdaPro\functions\CPlayer__SendMsg_BuddyLoginInform_1.c"
"CPlayer","SendMsg_OreIntoBagResult","8","25","0.32","D:\repo\WorldServer\Entities\CPlayer_Mining.cpp","157","D:\repo\WorldServerIdaPro\functions\CPlayer__SendMsg_OreIntoBagResult_1.c"
"CPlayer","SendMsg_SetItemCheckResult","7","22","0.32","D:\repo\WorldServer\Entities\CPlayer.cpp","22279","D:\repo\WorldServerIdaPro\functions\CPlayer__SendMsg_SetItemCheckResult_1.c"
"CPlayer","SendMsg_StatInform","7","22","0.32","D:\repo\WorldServer\Entities\CPlayer.cpp","9597","D:\repo\WorldServerIdaPro\functions\CPlayer__SendMsg_StatInform_1.c"
"CPlayer","SendMsg_UseRadarResult","7","22","0.32","D:\repo\WorldServer\Entities\CPlayer.cpp","22027","D:\repo\WorldServerIdaPro\functions\CPlayer__SendMsg_UseRadarResult_1.c"
"CPlayer","UpdatedMasteryWriteHistory","19","59","0.32","D:\repo\WorldServer\Entities\CPlayer_LevelLoop.cpp","1063","D:\repo\WorldServerIdaPro\functions\CPlayer__UpdatedMasteryWriteHistory_1.c"
"CPostSystemManager","PostRegistryLoad","13","41","0.32","D:\repo\WorldServer\Entities\CPostSystemManager.cpp","260","D:\repo\WorldServerIdaPro\functions\CPostSystemManager__PostRegistryLoad_1.c"
"CPvpOrderView","UpdatePvPPoint","7","22","0.32","D:\repo\WorldServer\Entities\CPvpOrderView.cpp","118","D:\repo\WorldServerIdaPro\functions\CPvpOrderView__UpdatePvPPoint_1.c"
"CRaceBuffHolyQuestResultInfo","SaveINI","18","57","0.32","D:\repo\WorldServer\Entities\CRaceBuffHolyQuestResultInfo.cpp","94","D:\repo\WorldServerIdaPro\functions\CRaceBuffHolyQuestResultInfo__SaveINI_1.c"
"CUnmannedTraderScheduler","FindWaitItem","12","38","0.32","D:\repo\WorldServer\Entities\CUnmannedTraderScheduler.cpp","136","D:\repo\WorldServerIdaPro\functions\CUnmannedTraderScheduler__FindWaitItem_1.c"
"CWeeklyGuildRankManager","SetNextRankDate","9","28","0.32","D:\repo\WorldServer\Entities\CWeeklyGuildRankManager.cpp","76","D:\repo\WorldServerIdaPro\functions\CWeeklyGuildRankManager__SetNextRankDate_1.c"
"LendItemMng","ReleaseAll","10","31","0.32","D:\repo\WorldServer\Entities\LendItemMng.cpp","120","D:\repo\WorldServerIdaPro\functions\LendItemMng__ReleaseAll_1.c"
"TimeItem","MakeLinkTable","20","62","0.32","D:\repo\WorldServer\Entities\TimeItem.cpp","70","D:\repo\WorldServerIdaPro\functions\TimeItem__MakeLinkTable_1.c"
"TimeLimitJadeMng","ReleaseAll","10","31","0.32","D:\repo\WorldServer\Entities\TimeLimitJadeMng.cpp","97","D:\repo\WorldServerIdaPro\functions\TimeLimitJadeMng__ReleaseAll_1.c"
"AutoMineMachine","SendMsg_ResultCode","7","21","0.33","D:\repo\WorldServer\Entities\AutoMineMachineMng.cpp","767","D:\repo\WorldServerIdaPro\functions\AutoMineMachine__SendMsg_ResultCode_1.c"
"AutoMineMachineMng","SendMsg_ResultCode","7","21","0.33","D:\repo\WorldServer\Entities\AutoMineMachineMng.cpp","1253","D:\repo\WorldServerIdaPro\functions\AutoMineMachineMng__SendMsg_ResultCode_1.c"
"CAnimus","SendMsg_LevelUp","7","21","0.33","D:\repo\WorldServer\Entities\CAnimus.cpp","1227","D:\repo\WorldServerIdaPro\functions\CAnimus__SendMsg_LevelUp_1.c"
"CDisplay","Clear","7","21","0.33","D:\repo\WorldServer\Entities\CDisplay.cpp","458","D:\repo\WorldServerIdaPro\functions\CDisplay__Clear_1.c"
"CGuildBattleController","CompleteClearGuildBattleRank","9","27","0.33","D:\repo\WorldServer\Entities\CGuildBattleController.cpp","536","D:\repo\WorldServerIdaPro\functions\CGuildBattleController__CompleteClearGuildBattleRank_1.c"
"CGuildBattleController","UpdateWinLose","7","21","0.33","D:\repo\WorldServer\Entities\CGuildBattleController.cpp","449","D:\repo\WorldServerIdaPro\functions\CGuildBattleController__UpdateWinLose_1.c"
"CGuildRoomSystem","GetRestTime","7","21","0.33","D:\repo\WorldServer\Entities\CGuildRoomSystem.cpp","340","D:\repo\WorldServerIdaPro\functions\CGuildRoomSystem__GetRestTime_1.c"
"CHolyStone","SendMsg_Destroy","7","21","0.33","D:\repo\WorldServer\Entities\CHolyStone.cpp","477","D:\repo\WorldServerIdaPro\functions\CHolyStone__SendMsg_Destroy_1.c"
"CItemStore","CalcSecIndex","8","24","0.33","D:\repo\WorldServer\Entities\CItemStore.cpp","254","D:\repo\WorldServerIdaPro\functions\CItemStore__CalcSecIndex_1.c"
"CItemStoreManager","InitLogger","11","33","0.33","D:\repo\WorldServer\Entities\CItemStoreManager.cpp","176","D:\repo\WorldServerIdaPro\functions\CItemStoreManager__InitLogger_1.c"
"ClassOrderProcessor","ClassOrderProcessor","8","24","0.33","D:\repo\WorldServer\Entities\ClassOrderProcessor.cpp","30","D:\repo\WorldServerIdaPro\functions\ClassOrderProcessor__ClassOrderProcessor_1.c"
"CMainThread","Complete_db_Update_Data_For_Trade","7","21","0.33","D:\repo\WorldServer\Entities\CMainThread_DQS.cpp","2641","D:\repo\WorldServerIdaPro\functions\CMainThread__Complete_db_Update_Data_For_Trade_1.c"
"CPlayer","AlterFP_Animus","8","24","0.33","D:\repo\WorldServer\Entities\CPlayer_Animus.cpp","326","D:\repo\WorldServerIdaPro\functions\CPlayer__AlterFP_Animus_1.c"
"CPlayer","AlterHP_Animus","8","24","0.33","D:\repo\WorldServer\Entities\CPlayer_Animus.cpp","311","D:\repo\WorldServerIdaPro\functions\CPlayer__AlterHP_Animus_1.c"
"CPlayer","IsMiningByMinigTicket","9","27","0.33","D:\repo\WorldServer\Entities\CPlayer.cpp","3988","D:\repo\WorldServerIdaPro\functions\CPlayer__IsMiningByMinigTicket_1.c"
"CPlayer","pc_SkillRequest","7","21","0.33","D:\repo\WorldServer\Entities\CPlayer_Combat.cpp","804","D:\repo\WorldServerIdaPro\functions\CPlayer__pc_SkillRequest_1.c"
"CPlayer","SendMsg_QuestProcess","7","21","0.33","D:\repo\WorldServer\Entities\CPlayer.cpp","2988","D:\repo\WorldServerIdaPro\functions\CPlayer__SendMsg_QuestProcess_1.c"
"CPlayer","SendMsg_ResDivision","10","30","0.33","D:\repo\WorldServer\Entities\CPlayer_Storage.cpp","220","D:\repo\WorldServerIdaPro\functions\CPlayer__SendMsg_ResDivision_1.c"
"CProcessThread","CProcessThread","7","21","0.33","D:\repo\WorldServer\Entities\CProcessThread.cpp","19","D:\repo\WorldServerIdaPro\functions\CProcessThread__CProcessThread_1.c"
"CTotalGuildRankManager","UpdateComlete","7","21","0.33","D:\repo\WorldServer\Entities\CTotalGuildRankManager.cpp","129","D:\repo\WorldServerIdaPro\functions\CTotalGuildRankManager__UpdateComlete_1.c"
"CUnmannedTraderController","CompleteBuyRollBack","13","39","0.33","D:\repo\WorldServer\Entities\CUnmannedTraderController.cpp","1390","D:\repo\WorldServerIdaPro\functions\CUnmannedTraderController__CompleteBuyRollBack_1.c"
"CUnmannedTraderGroupItemInfoTable","IsExistGroupID","7","21","0.33","D:\repo\WorldServer\Entities\CUnmannedTraderGroupItemInfoTable.cpp","91","D:\repo\WorldServerIdaPro\functions\CUnmannedTraderGroupItemInfoTable__IsExistGroupID_1.c"
"CUnmannedTraderUserInfo","CheckCancelRegist","19","58","0.33","D:\repo\WorldServer\Entities\CUnmannedTraderUserInfo.cpp","601","D:\repo\WorldServerIdaPro\functions\CUnmannedTraderUserInfo__CheckCancelRegist_1.c"
"CBsp","GetLightFromPoint","58","170","0.34","D:\repo\WorldServer\Entities\CBsp.cpp","926","D:\repo\WorldServerIdaPro\functions\CBsp__GetLightFromPoint.c"
"CBsp","GetYposInLeaf","37","110","0.34","D:\repo\WorldServer\Entities\CBsp.cpp","729","D:\repo\WorldServerIdaPro\functions\CBsp__GetYposInLeaf.c"
"CPlayerDB","CPlayerDB","12","35","0.34","D:\repo\WorldServer\Entities\CPlayerDB.cpp","60","D:\repo\WorldServerIdaPro\functions\CPlayerDB__CPlayerDB_1.c"
"CUserRankingProcess","InitProcFunc","16","47","0.34","D:\repo\WorldServer\Entities\CUserRankingProcess.cpp","782","D:\repo\WorldServerIdaPro\functions\CUserRankingProcess__InitProcFunc_1.c"
"UsStateTBL","Alloc","20","59","0.34","D:\repo\WorldServer\Entities\UsHFSM.cpp","195","D:\repo\WorldServerIdaPro\functions\UsStateTBL__Alloc_1.c"
"CMoveMapLimitManager","Request","9","26","0.35","D:\repo\WorldServer\Entities\CMoveMapLimitManager.cpp","50","D:\repo\WorldServerIdaPro\functions\CMoveMapLimitManager__Request_1.c"
"CNetworkEX","ATradeRegedListRequest","8","23","0.35","D:\repo\WorldServer\Entities\CNetworkEX.cpp","9045","D:\repo\WorldServerIdaPro\functions\CNetworkEX__ATradeRegedListRequest_1.c"
"CNetworkEX","ATradeReRegistRequest","8","23","0.35","D:\repo\WorldServer\Entities\CNetworkEX.cpp","9059","D:\repo\WorldServerIdaPro\functions\CNetworkEX__ATradeReRegistRequest_1.c"
"CPlayer","SendMsg_RemainTimeInform","8","23","0.35","D:\repo\WorldServer\Entities\CPlayer_Trade.cpp","119","D:\repo\WorldServerIdaPro\functions\CPlayer__SendMsg_RemainTimeInform_1.c"
"CRaceBuffHolyQuestResultInfo","SetBuffFlag","9","26","0.35","D:\repo\WorldServer\Entities\CRaceBuffHolyQuestResultInfo.cpp","156","D:\repo\WorldServerIdaPro\functions\CRaceBuffHolyQuestResultInfo__SetBuffFlag_1.c"
"CUnmannedTraderGroupItemInfoTable","GetGroupID","8","23","0.35","D:\repo\WorldServer\Entities\CUnmannedTraderGroupItemInfoTable.cpp","72","D:\repo\WorldServerIdaPro\functions\CUnmannedTraderGroupItemInfoTable__GetGroupID_1.c"
