target	required_pack	status	skipped
ATL::_stdcallthunk	1	no_match_worldserver	1
CEntity	1	forward_decl_only	0
CEntity	1	ok	0
CEntity	1	forward_decl_only	0
CEntity	1	forward_decl_only	0
DLGITEMTEMPLATE	1	no_match_worldserver	1
DLGTEMPLATEEX	1	no_match_worldserver	1
E1133113A46BC24BB251F24AE4F08A1B	1	no_match_worldserver	1
IMAGE_AUX_SYMBOL_TOKEN_DEF	1	no_match_worldserver	1
NMPGSCROLL	1	no_match_worldserver	1
PROPPRG	1	no_match_worldserver	1
SHCOLUMNINFO	1	no_match_worldserver	1
_ANIMUS_DB_BASE::_LIST	1	ok	0
_ANI_OBJECT	1	forward_decl_only	0
_ANI_OBJECT	1	forward_decl_only	0
_ANI_OBJECT	1	ok	0
_ANI_OBJECT	1	forward_decl_only	0
_ANI_OBJECT	1	forward_decl_only	0
_AVATOR_DATA	1	forward_decl_only	0
_AVATOR_DATA	1	forward_decl_only	0
_AVATOR_DATA	1	ok	0
_AVATOR_DATA	1	forward_decl_only	0
_AVATOR_DATA	1	forward_decl_only	0
_AVATOR_DATA	1	forward_decl_only	0
_AVATOR_DATA	1	forward_decl_only	0
_AVATOR_DATA	1	forward_decl_only	0
_AVATOR_DATA	1	forward_decl_only	0
_AVATOR_DB_BASE	1	ok	0
_BSP_C_FACE	1	ok	0
_BSP_C_FACE	1	forward_decl_only	0
_BSP_C_FACE	1	forward_decl_only	0
_BSP_LEAF	1	ok	0
_BSP_LEAF	1	forward_decl_only	0
_BSP_LEAF	1	forward_decl_only	0
_BSP_MAT_GROUP	1	ok	0
_BSP_MAT_GROUP	1	forward_decl_only	0
_BSP_MAT_GROUP	1	forward_decl_only	0
_BSP_READ_FACE	1	ok	0
_BSP_READ_M_GROUP	1	ok	0
_BUDDY_DB_BASE::_LIST	1	ok	0
_CHINA_MSG_HEADER	1	ok	0
_CHRID	1	forward_decl_only	0
_CHRID	1	ok	0
_CLID	1	forward_decl_only	0
_CLID	1	ok	0
_CUTTING_DB_BASE	1	forward_decl_only	0
_CUTTING_DB_BASE	1	ok	0
_DB_LOAD_AUTOMINE_MACHINE	1	forward_decl_only	0
_DB_LOAD_AUTOMINE_MACHINE	1	forward_decl_only	0
_DB_LOAD_AUTOMINE_MACHINE	1	ok	0
_DELPOST_DB_BASE	1	ok	0
_ENTITY_M_GROUP	1	forward_decl_only	0
_ENTITY_M_GROUP	1	ok	0
_ENTITY_M_GROUP	1	forward_decl_only	0
_EQUIP_DB_BASE::_EMBELLISH_LIST	1	ok	0
_FORCE_DB_BASE::_LIST	1	ok	0
_IMAGE_LINENUMBER	1	no_match_worldserver	1
_IMAGE_RELOCATION	1	no_match_worldserver	1
_IMAGE_SYMBOL	1	no_match_worldserver	1
_INVEN_DB_BASE::_LIST	1	ok	0
_ITEMCOMBINE_DB_BASE	1	ok	0
_ITEMCOMBINE_DB_BASE	1	forward_decl_only	0
_LEAF_ENTITIES_LIST_INFO	1	forward_decl_only	0
_LEAF_ENTITIES_LIST_INFO	1	ok	0
_LEAF_ENTITIES_LIST_INFO	1	forward_decl_only	0
_LINK_DB_BASE	1	forward_decl_only	0
_LINK_DB_BASE	1	ok	0
_LTD	1	no_match_worldserver	1
_LTD_ARRAY_ITEM	1	no_match_worldserver	1
_LTD_EXPEND	1	no_match_worldserver	1
_LTD_ITEMINFO	1	no_match_worldserver	1
_LTD_ITEMINFO::_iteminfo	1	no_match_worldserver	1
_LTD_PARAM	1	no_match_worldserver	1
_MAP_ENTITIES_LIST	1	forward_decl_only	0
_MAP_ENTITIES_LIST	1	forward_decl_only	0
_MAP_ENTITIES_LIST	1	ok	0
_MAP_ENTITIES_LIST	1	forward_decl_only	0
_MASTERY_PARAM	1	forward_decl_only	0
_MASTERY_PARAM	1	ok	0
_MINIDUMP_MODULE	1	no_match_worldserver	1
_MINIDUMP_MODULE_CALLBACK	1	no_match_worldserver	1
_MINIDUMP_THREAD_CALLBACK	1	no_match_worldserver	1
_MINIDUMP_THREAD_EX_CALLBACK	1	no_match_worldserver	1
_MONEY_SUPPLY_DATA	1	ok	0
_NOT_ARRANGED_AVATOR_DB	1	forward_decl_only	0
_NOT_ARRANGED_AVATOR_DB	1	ok	0
_ONE_LAYER	1	ok	0
_PCBANG_PLAY_TIME	1	forward_decl_only	0
_PCBANG_PLAY_TIME	1	ok	0
_PCBANG_PLAY_TIME	1	forward_decl_only	0
_PERSONALAMINE_INVEN_DB_BASE	1	forward_decl_only	0
_PERSONALAMINE_INVEN_DB_BASE	1	ok	0
_POSTSTORAGE_DB_BASE::__list	1	ok	0
_PVPPOINT_LIMIT_DB_BASE	1	forward_decl_only	0
_PVPPOINT_LIMIT_DB_BASE	1	ok	0
_PVPPOINT_LIMIT_DB_BASE	1	forward_decl_only	0
_PVPPOINT_LIMIT_DB_BASE	1	forward_decl_only	0
_PVP_ORDER_VIEW_DB_BASE	1	forward_decl_only	0
_PVP_ORDER_VIEW_DB_BASE	1	ok	0
_PVP_ORDER_VIEW_DB_BASE	1	forward_decl_only	0
_PVP_ORDER_VIEW_DB_BASE	1	forward_decl_only	0
_PVP_ORDER_VIEW_DB_BASE	1	forward_decl_only	0
_PVP_RANK_DATA	1	forward_decl_only	0
_PVP_RANK_DATA	1	forward_decl_only	0
_PVP_RANK_DATA	1	forward_decl_only	0
_PVP_RANK_DATA	1	ok	0
_QUEST_DB_BASE::_LIST	1	ok	0
_QUEST_DB_BASE::_NPC_QUEST_HISTORY	1	ok	0
_QUEST_DB_BASE::_START_NPC_QUEST_HISTORY	1	ok	0
_Quest_fld	1	ok	0
_R3MATERIAL	1	forward_decl_only	0
_R3MATERIAL	1	ok	0
_R3MATERIAL	1	forward_decl_only	0
_R3MATERIAL	1	forward_decl_only	0
_R3MATERIAL	1	forward_decl_only	0
_R3MATERIAL	1	forward_decl_only	0
_R3MATERIAL	1	forward_decl_only	0
_R3MATERIAL	1	forward_decl_only	0
_R3MATERIAL	1	forward_decl_only	0
_R3MATERIAL	1	forward_decl_only	0
_READ_MAP_ENTITIES_LIST	1	ok	0
_READ_MAP_ENTITIES_LIST	1	forward_decl_only	0
_REGED	1	forward_decl_only	0
_REGED	1	ok	0
_REGED	1	forward_decl_only	0
_REGED_AVATOR_DB	1	forward_decl_only	0
_REGED_AVATOR_DB	1	ok	0
_REGED_AVATOR_DB	1	forward_decl_only	0
_RETURNPOST_DB_BASE	1	ok	0
_RTC_ALLOCA_NODE	1	no_match_worldserver	1
_SHChangeDWORDAsIDList	1	no_match_worldserver	1
_SHChangeNotifyEntry	1	no_match_worldserver	1
_SHChangeUpdateImageIDList	1	no_match_worldserver	1
_SHITEMID	1	no_match_worldserver	1
_STORAGE_LIST	1	ok	0
_STORAGE_LIST::_db_con	1	ok	0
_STORAGE_LIST::_storage_con	1	ok	0
_STORAGE_POS_INDIV	1	forward_decl_only	0
_STORAGE_POS_INDIV	1	forward_decl_only	0
_STORAGE_POS_INDIV	1	ok	0
_SUPPLEMENT_DB_BASE	1	forward_decl_only	0
_SUPPLEMENT_DB_BASE	1	ok	0
_TIMELIMITINFO_DB_BASE	1	forward_decl_only	0
_TIMELIMITINFO_DB_BASE	1	ok	0
_TOOL_COL_LEAF	1	ok	0
_TOOL_COL_LEAF	1	forward_decl_only	0
_TOOL_COL_LEAF	1	forward_decl_only	0
_TRADE_DB_BASE::_LIST	1	ok	0
_TRUNK_DB_BASE	1	forward_decl_only	0
_TRUNK_DB_BASE	1	ok	0
_TRUNK_DB_BASE::_LIST	1	ok	0
_UNIT_DB_BASE::_LIST	1	ok	0
_WAIT_ENTER_ACCOUNT	1	ok	0
_a_trade_adjust_price_request_clzo	1	ok	0
_a_trade_adjust_price_request_clzo	1	forward_decl_only	0
_a_trade_adjust_price_request_clzo	1	forward_decl_only	0
_a_trade_adjust_price_request_clzo	1	forward_decl_only	0
_a_trade_adjust_price_result_zocl	1	ok	0
_a_trade_clear_item_request_clzo	1	ok	0
_a_trade_clear_item_request_clzo	1	forward_decl_only	0
_a_trade_clear_item_request_clzo	1	forward_decl_only	0
_a_trade_clear_item_request_clzo	1	forward_decl_only	0
_a_trade_clear_item_result_zocl	1	ok	0
_a_trade_reg_item_request_clzo	1	ok	0
_a_trade_reg_item_request_clzo	1	forward_decl_only	0
_a_trade_reg_item_request_clzo	1	forward_decl_only	0
_a_trade_reg_item_request_clzo	1	forward_decl_only	0
_a_trade_sell_inform_zocl	1	ok	0
_add_holyquest_actcum_inform_zocl	1	ok	0
_add_lend_item_result_zocl	1	ok	0
_adjust_amount_inform_zocl	1	ok	0
_alive_char_request_clzo	1	ok	0
_alive_char_result_zocl	1	ok	0
_alter_action_point_zocl	1	ok	0
_alter_cont_effect_time_zocl	1	ok	0
_alter_item_dur_zocl	1	ok	0
_alter_item_slot_request_clzo::__list	1	ok	0
_alter_money_inform_zocl	1	ok	0
_alter_pvp_cash_zocl	1	ok	0
_alter_ranking_inform_zocl	1	ok	0
_alter_unit_bullet_inform_zocl	1	ok	0
_alter_unit_hp_inform_zocl	1	ok	0
_animus_act_heal_inform_zocl	1	ok	0
_animus_create_zocl	1	ok	0
_animus_destroy_zocl	1	ok	0
_animus_download_result_zocl::_list	1	ok	0
_animus_exp_inform_zocl	1	ok	0
_animus_fixpositon_zocl	1	ok	0
_animus_lvup_inform_zocl	1	ok	0
_animus_move_zocl	1	ok	0
_animus_real_move_zocl	1	ok	0
_animus_recall_result_zocl	1	ok	0
_animus_return_result_zocl	1	ok	0
_animus_target_request_clzo	1	ok	0
_announ_message_receipt_udp	1	ok	0
_apex_block_request_wrac	1	ok	0
_apex_send_ip	1	ok	0
_atrade_taxrate_result_zocl	1	ok	0
_attack_force_request_clzo	1	ok	0
_attack_force_result_zocl	1	ok	0
_attack_gen_request_clzo	1	ok	0
_attack_gen_result_zocl	1	ok	0
_attack_gen_result_zocl::_dam_list	1	ok	0
_attack_keeper_inform_zocl	1	ok	0
_attack_selfdestruction_result_zocl	1	ok	0
_attack_siege_request_clzo	1	ok	0
_attack_siege_result_zocl	1	ok	0
_attack_skill_request_clzo	1	ok	0
_attack_skill_result_zocl	1	ok	0
_attack_test_request_clzo	1	ok	0
_attack_test_result_zocl	1	ok	0
_attack_tower_inform_zocl	1	ok	0
_attack_trap_inform_zocl	1	ok	0
_attack_unit_request_clzo	1	ok	0
_attack_unit_result_zocl	1	ok	0
_back_tower_result_zocl	1	ok	0
_back_trap_request_clzo	1	ok	0
_base_download_result_zocl	1	ok	0
_base_download_result_zocl::_list_embellish	1	ok	0
_base_download_result_zocl::_list_equip	1	ok	0
_billing_alive_request_zobi	1	ok	0
_billing_expire_inform_zocl	1	ok	0
_billing_login_request_zobi	1	ok	0
_boss_sms_cancel_result_zocl	1	ok	0
_break_stop_result_zocl	1	ok	0
_breakdown_equip_item_zocl	1	ok	0
_buddy_add_answer_clzo	1	ok	0
_buddy_add_ask_zocl	1	ok	0
_buddy_add_request_clzo	1	ok	0
_buddy_add_result_zocl	1	ok	0
_buddy_del_result_clzo	1	ok	0
_buddy_in_reged_player_inform_zocl	1	ok	0
_buddy_pos_inform_zocl	1	ok	0
_buddy_renewal_zocl	1	ok	0
_buy_store_failure_zocl	1	ok	0
_buy_store_request_clzo	1	ok	0
_buy_store_request_clzo::_list	1	ok	0
_buy_store_success_zocl	1	ok	0
_buy_store_success_zocl::_list	1	ok	0
_cancel_raceboss_msg_request_ctzo	1	ok	0
_cancel_raceboss_msg_request_zowb	1	ok	0
_cancel_raceboss_msg_result_zoct	1	ok	0
_cash_discount_event_inform_zocl	1	ok	0
_cash_event_inform_zocl::__lim_sale::__Item	1	ok	0
_cast_vote_request_clzo	1	ok	0
_cast_vote_result_zocl	1	ok	0
_change_billing_type_inform_zocl	1	ok	0
_change_class_other_zocl	1	ok	0
_change_type_request_bizo	1	ok	0
_character_db_load	1	ok	0
_character_disconnect_request_acwr	1	ok	0
_character_disconnect_result_wrac	1	ok	0
_chat_guild_request_clzo	1	ok	0
_chat_message_receipt_udp	1	ok	0
_chat_steal_message_gm_zocl	1	ok	0
_check_is_block_ip_result_acwr	1	ok	0
_circle_zone_fix_position_zocl	1	ok	0
_class_skill_recall_teleport_request_clzo	1	ok	0
_class_skill_result_other_zocl	1	ok	0
_combine_ex_item_accept_request_clzo	1	ok	0
_combine_ex_item_accept_request_clzo	1	forward_decl_only	0
_combine_ex_item_request_clzo	1	ok	0
_combine_ex_item_request_clzo::_list	1	ok	0
_combine_ex_item_result_zocl	1	ok	0
_combine_ex_item_result_zocl	1	forward_decl_only	0
_combine_ex_item_result_zocl::_Result_ItemList_Buff	1	ok	0
_combine_item_request_clzo	1	ok	0
_combine_item_result_zocl	1	ok	0
_combine_item_result_zocl::__item	1	ok	0
_combine_lend_item_result_zocl	1	ok	0
_combine_lend_item_result_zocl::_lend_item	1	ok	0
_complete_vote_inform_zocl	1	ok	0
_confirm_sms_infom_zoct	1	ok	0
_continue_tower_inform	1	ok	0
_count_succ_inform_zocl	1	ok	0
_create_circle_zone_stone_zocl	1	ok	0
_create_gravity_stone_zocl	1	ok	0
_cum_download_result_zocl	1	ok	0
_current_billing_type_inform_zocl	1	ok	0
_cutting_complete_result_zocl	1	ok	0
_d_trade_accomplish_inform_zocl	1	ok	0
_d_trade_add_inform_zocl	1	ok	0
_d_trade_add_request_clzo	1	ok	0
_d_trade_bet_inform_zocl	1	ok	0
_d_trade_bet_request_clzo	1	ok	0
_d_trade_start_inform_zocl	1	ok	0
_d_trade_unit_add_inform_zocl	1	ok	0
_d_trade_unit_info_inform_zocl	1	ok	0
_darkhole_answer_reenter_request_clzo	1	ok	0
_darkhole_ask_reenter_inform_zocl	1	ok	0
_darkhole_clear_out_result_zocl	1	ok	0
_darkhole_destroy_zocl	1	ok	0
_darkhole_enter_request_clzo	1	ok	0
_darkhole_enter_result_zocl	1	ok	0
_darkhole_giveup_out_result_zocl	1	ok	0
_darkhole_job_count_inform_zocl	1	ok	0
_darkhole_member_info_inform_zocl	1	ok	0
_darkhole_member_info_inform_zocl::__list	1	ok	0
_darkhole_mission_info_inform_zocl	1	ok	0
_darkhole_mission_info_inform_zocl::__job	1	ok	0
_darkhole_new_member_inform_zocl	1	ok	0
_darkhole_new_mission_inform_zocl	1	ok	0
_darkhole_open_result_zocl	1	ok	0
_darkhole_outof_member_inform_zocl	1	ok	0
_darkhole_quest_info_inform_zocl	1	ok	0
_darkhole_real_add_time_inform_zocl	1	ok	0
_darkhole_reward_message_inform_zocl	1	ok	0
_darkhole_state_change_zocl	1	ok	0
_decide_recall_error_result_zocl	1	ok	0
_decide_recall_request_clzo	1	ok	0
_delete_storage_inform_zocl	1	ok	0
_destroy_gravity_stone_zocl	1	ok	0
_economy_data_inform_zowb	1	ok	0
_economy_rate_inform_zocl	1	ok	0
_editstream	1	ok	0
_effect_add_inform_zocl	1	ok	0
_effect_remove_inform_zocl	1	ok	0
_effect_start_inform_zocl	1	ok	0
_encorrecttext	4	ok	0
_enlink	1	ok	0
_enoleopfailed	1	ok	0
_enprotected	1	ok	0
_enter_world_request_wrac	1	ok	0
_enter_world_request_zone	1	ok	0
_exchange_money_result_zocl	1	ok	0
_extraBytes_101	1	ok	0
_extraBytes_102	1	ok	0
_extraBytes_123	1	ok	0
_extraBytes_13	1	ok	0
_extraBytes_14	1	ok	0
_extraBytes_143	1	ok	0
_extraBytes_147	1	ok	0
_extraBytes_148	1	ok	0
_extraBytes_15	1	ok	0
_extraBytes_150	1	ok	0
_extraBytes_16	1	ok	0
_extraBytes_17	1	ok	0
_extraBytes_177	1	ok	0
_extraBytes_18	1	ok	0
_extraBytes_185	1	ok	0
_extraBytes_19	1	ok	0
_extraBytes_20	1	ok	0
_extraBytes_21	1	ok	0
_extraBytes_22	1	ok	0
_extraBytes_23	1	ok	0
_extraBytes_24	1	ok	0
_extraBytes_25	1	ok	0
_extraBytes_26	1	ok	0
_extraBytes_27	1	ok	0
_extraBytes_28	1	ok	0
_extraBytes_29	1	ok	0
_extraBytes_30	1	ok	0
_extraBytes_31	1	ok	0
_extraBytes_32	1	ok	0
_extraBytes_34	1	ok	0
_extraBytes_35	1	ok	0
_extraBytes_353	1	ok	0
_extraBytes_36	1	ok	0
_extraBytes_363	1	ok	0
_extraBytes_386	1	ok	0
_extraBytes_39	1	ok	0
_extraBytes_41	1	ok	0
_extraBytes_42	1	ok	0
_extraBytes_428	1	ok	0
_extraBytes_434	1	ok	0
_extraBytes_44	1	ok	0
_extraBytes_45	1	ok	0
_extraBytes_46	1	ok	0
_extraBytes_47	1	ok	0
_extraBytes_49	1	ok	0
_extraBytes_50	1	ok	0
_extraBytes_51	1	ok	0
_extraBytes_519	1	ok	0
_extraBytes_53	1	ok	0
_extraBytes_538	1	ok	0
_extraBytes_55	1	ok	0
_extraBytes_57	1	ok	0
_extraBytes_58	1	ok	0
_extraBytes_61	1	ok	0
_extraBytes_62	1	ok	0
_extraBytes_63	1	ok	0
_extraBytes_66	1	ok	0
_extraBytes_75	1	ok	0
_extraBytes_81	1	ok	0
_extraBytes_87	1	ok	0
_extraBytes_89	1	ok	0
_extraBytes_92	1	ok	0
_extraBytes_95	1	ok	0
_fcitem_inform_zocl	1	ok	0
_fireguard_block_request_wrac	1	ok	0
_fireguard_divide_block_request_wrac	1	ok	0
_force_download_result_zocl::_list	1	ok	0
_force_recall_teleport_request_clzo	1	ok	0
_force_result_one_zocl	1	ok	0
_gesture_inform_zocl	1	ok	0
_gettextex	1	ok	0
_gm_msg_gmcall_list_response_zocl	1	ok	0
_gm_msg_gmcall_list_response_zocl::_call_node	1	ok	0
_goto_avator_result_zocl	1	ok	0
_gravity_stone_fix_position_zocl	1	ok	0
_gravity_stone_regener_fix_position_zocl	1	ok	0
_gravity_stone_regener_inform_zocl	1	ok	0
_guild_add_join_applier_inform_zocl	1	ok	0
_guild_alter_member_grade_inform_zocl::__list	1	ok	0
_guild_alter_member_state_inform_zocl::__list	1	ok	0
_guild_atrade_tax_zocl	1	ok	0
_guild_battle_complete_msg_zowb	1	ok	0
_guild_battle_current_battle_info_result_zocl	1	forward_decl_only	0
_guild_battle_current_battle_info_result_zocl	1	ok	0
_guild_battle_fin_pvppoint_result_zocl	1	ok	0
_guild_battle_get_gravity_stone_request_clzo	1	ok	0
_guild_battle_get_gravity_stone_result_zocl	1	ok	0
_guild_battle_goal_result_zocl	1	ok	0
_guild_battle_notify_ball_position_zocl	1	ok	0
_guild_battle_notify_committee_member_position_zocl	1	ok	0
_guild_battle_notify_gravity_stone_owner_die_zocl	1	ok	0
_guild_battle_pvp_inform_zocl	1	ok	0
_guild_battle_rank_list_request_clzo	1	ok	0
_guild_battle_rank_list_result_no_data_zocl	1	ok	0
_guild_battle_rank_list_result_zocl	1	forward_decl_only	0
_guild_battle_rank_list_result_zocl	1	ok	0
_guild_battle_rank_list_result_zocl::__list	1	ok	0
_guild_battle_reserve_msg_zowb	1	ok	0
_guild_battle_reserved_schedule_request_clzo	1	ok	0
_guild_battle_reserved_schedule_result_zocl	1	forward_decl_only	0
_guild_battle_reserved_schedule_result_zocl	1	ok	0
_guild_battle_restart_zocl	1	ok	0
_guild_battle_start_zocl	1	ok	0
_guild_del_join_applier_inform_zocl	1	ok	0
_guild_honor_list_result_zocl::__list	1	ok	0
_guild_honorguild_mark_zocl	1	ok	0
_guild_info_update_inform_zocl	1	ok	0
_guild_io_money_inform_zocl	1	ok	0
_guild_join_accept_fail_zocl	1	ok	0
_guild_join_accept_inform_zocl	1	ok	0
_guild_join_accept_request_clzo	1	ok	0
_guild_join_apply_result_zocl	1	ok	0
_guild_join_other_inform_zocl	1	ok	0
_guild_leave_inform_zocl	1	ok	0
_guild_manage_request_clzo	1	ok	0
_guild_member_download_zocl	1	forward_decl_only	0
_guild_member_download_zocl	1	ok	0
_guild_member_download_zocl	1	forward_decl_only	0
_guild_member_login_inform_zocl	1	ok	0
_guild_member_pos_inform_zocl	1	ok	0
_guild_offer_suggest_request_clzo	1	ok	0
_guild_push_money_result_zocl	1	ok	0
_guild_query_info_result_zocl	1	forward_decl_only	0
_guild_query_info_result_zocl	1	ok	0
_guild_query_info_result_zocl	1	forward_decl_only	0
_guild_vote_complete_zocl	1	ok	0
_guild_vote_process_inform_zocl	1	ok	0
_guild_vote_request_clzo	1	ok	0
_guild_vote_result_zocl	1	ok	0
_guildroom_enter_result_zocl	1	ok	0
_guildroom_rent_request_clzo	1	forward_decl_only	0
_guildroom_rent_request_clzo	1	ok	0
_holy_complete_quest_inform_zowb	1	ok	0
_holy_keeper_attackable_inform_zocl	1	ok	0
_holy_keeper_change_chaos_inform	1	ok	0
_holy_minetime_extend_inform_zowb	1	ok	0
_holystone_alter_oper_circle_inform_zocl	1	ok	0
_insert_item_inform_zocl	1	ok	0
_insert_quest_failure_zocl	1	ok	0
_insert_quest_item_inform_zocl	1	ok	0
_insert_trc_info	1	ok	0
_inven_download_result_zocl::_list	1	ok	0
_item_fanfare_zocl	1	ok	0
_itembox_create_zocl	1	ok	0
_itembox_fixpositon_zocl	1	ok	0
_itembox_state_change_zocl	1	ok	0
_itembox_take_add_result_zocl	1	ok	0
_itembox_take_new_result_zocl	1	ok	0
_keeper_create_zocl	1	ok	0
_keeper_destroy_zocl	1	ok	0
_keeper_enter_inform_zocl	1	ok	0
_keeper_fixpositon_zocl	1	ok	0
_keeper_move_zocl	1	ok	0
_keeper_real_move_zocl	1	ok	0
_last_attacker_for_the_keeper_inform_zowb	1	ok	0
_last_effect_change_inform_zocl	1	ok	0
_lend_item_time_expired_zocl	1	ok	0
_level_up_zocl	1	ok	0
_limit_item_num_info_zocl	1	ok	0
_limit_item_num_info_zocl::_limit_item_info	1	ok	0
_limitedsale_event_inform_zocl	1	ok	0
_linkboard_download_result_zocl	1	ok	0
_make_item_request_clzo	1	ok	0
_make_tower_request_clzo	1	ok	0
_make_tower_result_zocl	1	ok	0
_make_trap_result_zocl	1	ok	0
_map_env_code_inform_zocl	1	ok	0
_mine_complete_result_zocl	1	ok	0
_money_supply_gatering_inform_zowb	1	ok	0
_monster_change_rotate_zocl	1	ok	0
_monster_change_state_zocl	1	ok	0
_monster_create_zocl	1	ok	0
_monster_destroy_zocl	1	ok	0
_monster_fixpositon_zocl	1	ok	0
_monster_move_zocl	1	ok	0
_monster_present_emotion_zocl	1	ok	0
_monster_real_move_zocl	1	ok	0
_monster_sp_group	1	forward_decl_only	0
_monster_sp_group	1	ok	0
_move_error_result_zocl	1	ok	0
_move_potal_request_clzo	1	ok	0
_move_potal_result_zocl	1	ok	0
_move_request_clzo	1	ok	0
_moveout_user_result_zone	1	ok	0
_msgfilter	1	ok	0
_notice_is_arrive_master	1	ok	0
_notice_next_quest_inform_zocl	1	ok	0
_notify_effect_for_get_gold_box_item_zocl	1	ok	0
_notify_gold_box_event_status_zocl	1	ok	0
_notify_local_time_result_zocl	1	ok	0
_notify_player_time_limit_Info_zocl	1	ok	0
_notify_race_battle_penelty_zocl	1	ok	0
_notify_race_boss_winrate_zocl	1	ok	0
_notify_recall_request_zocl	1	ok	0
_notify_set_race_buff_by_holy_quest_zocl	1	ok	0
_notify_unmanned_trader_weekly_daily_income_zocl	1	ok	0
_notify_update_player_time_limit_Info_zocl	1	ok	0
_npc_create_zocl	1	ok	0
_npc_destroy_zocl	1	ok	0
_npc_move_zocl	1	ok	0
_npc_quest_list_result_zocl	1	ok	0
_nuclear_bomb_current_state_zocl::__nuclear	1	ok	0
_nuclear_bomb_drop_result_zocl	1	ok	0
_nuclear_bomb_position_inform_zocl	1	ok	0
_nuclear_position_result_zocl	1	ok	0
_object_server_pos_result_zocl	1	ok	0
_objectpositions	1	ok	0
_open_control_inform_acwr	1	ok	0
_open_return_gate_inform_zocl	1	ok	0
_open_world_request_wrac	1	ok	0
_ore_cutting_request_clzo	1	ok	0
_ore_cutting_result_zocl	1	ok	0
_ore_cutting_result_zocl::_list	1	ok	0
_ore_into_bag_request_clzo	1	ok	0
_ore_into_bag_result_zocl	1	ok	0
_other_map_out_zocl	1	ok	0
_other_new_view_zocl	1	ok	0
_other_shape_all_zocl	1	ok	0
_other_shape_all_zocl::_model	1	ok	0
_other_shape_cash_rename_zocl	1	ok	0
_other_shape_change_zocl	1	ok	0
_other_shape_change_zocl::_model	1	ok	0
_other_shape_failure_zocl	1	ok	0
_other_shape_part_zocl	1	ok	0
_other_shape_part_zocl::_model	1	ok	0
_other_unit_ride_change_zocl	1	ok	0
_parkingunit_change_owner_zocl	1	ok	0
_parkingunit_create_zocl	1	ok	0
_parkingunit_destroy_zocl	1	ok	0
_parkingunit_fixpositon_zocl	1	ok	0
_party_join_joiner_result_zocl::_list	1	ok	0
_party_leave_self_result_zocl	1	ok	0
_party_member_effect_upd	1	ok	0
_party_member_fp_upd	1	ok	0
_party_member_hp_upd	1	ok	0
_party_member_info_upd	1	ok	0
_party_member_info_upd::_EFFECT	1	ok	0
_party_member_lv_upd	1	ok	0
_party_member_max_hfsp_upd	1	ok	0
_party_member_pos_upd	1	ok	0
_party_member_sp_upd	1	ok	0
_pc_room_reward_info_clzo	1	ok	0
_personal_amine_fixpos_zocl	1	ok	0
_personal_amine_mineore_zocl	1	ok	0
_personal_amine_mineore_zocl::__changed	1	ok	0
_personal_automine_alter_dur_zocl	1	ok	0
_personal_automine_battery_extract_clzo	1	ok	0
_personal_automine_battery_extract_zocl	1	ok	0
_personal_automine_battery_insert_clzo	1	ok	0
_personal_automine_battery_insert_zocl	1	ok	0
_personal_automine_current_state_zocl	1	ok	0
_personal_automine_delbattery_zocl	1	ok	0
_personal_automine_download_zocl::__list	1	ok	0
_personal_automine_install_clzo	1	ok	0
_personal_automine_install_zocl	1	ok	0
_personal_automine_popore_clzo	1	ok	0
_personal_automine_popore_zocl	1	ok	0
_personal_automine_selore_clzo	1	ok	0
_personal_automine_selore_zocl	1	ok	0
_personal_automine_stop_zocl	1	ok	0
_personal_automine_uninstall_circle_zocl	1	ok	0
_personal_automine_uninstall_clzo	1	ok	0
_personal_automine_uninstall_zocl	1	ok	0
_personal_automine_uninstall_zocl::__battery	1	ok	0
_player_destroy_zocl	1	ok	0
_player_die_zocl	1	ok	0
_player_fixpositon_zocl	1	ok	0
_player_macro_result_zocl	1	ok	0
_player_macro_update_request_clzo	1	ok	0
_player_move_zocl	1	ok	0
_player_real_move_zocl	1	ok	0
_player_resurrect_zocl	1	ok	0
_player_revival_zocl	1	ok	0
_player_stop_zocl	1	ok	0
_possible_battle_guild_list_request_clzo	1	ok	0
_possible_battle_guild_list_result_zocl	1	forward_decl_only	0
_possible_battle_guild_list_result_zocl	1	ok	0
_possible_battle_guild_list_result_zocl::__list	1	ok	0
_post_content_result_zocl	1	ok	0
_post_content_result_zocl::_post_item	1	ok	0
_post_delete_reply_zocl	1	ok	0
_post_recv_delivery_zocl	1	ok	0
_post_request_clzo	1	ok	0
_post_result_zocl	1	ok	0
_post_return_confirm_result_zocl	1	ok	0
_post_return_zocl	1	ok	0
_post_return_zocl::_post_item	1	ok	0
_potionsocket_division_request_clzo	1	ok	0
_potionsocket_division_result_zocl	1	ok	0
_potionsocket_separation_request_clzo	1	ok	0
_potionsocket_separation_result_zocl	1	ok	0
_progress_vote_inform_zocl	1	ok	0
_propose_vote_request_clzo	1	ok	0
_pt_appoint_inform_request_zocl::__body	1	ok	0
_pt_automine_getoutore_clzo	1	ok	0
_pt_automine_getoutore_zocl	1	ok	0
_pt_automine_merge_clzo	1	ok	0
_pt_automine_state_zocl	1	ok	0
_pt_inform_commission_income_zocl	1	ok	0
_pt_inform_punishment_zocl	1	ok	0
_pt_request_punishment_clzo	1	ok	0
_pt_result_appoint_zocl	1	ok	0
_pt_result_fcandidacy_list_zocl::__candi_info	1	ok	0
_pt_trans_votepaper_zocl::__body	1	ok	0
_punctuation	1	ok	0
_pvp_cash_point_recorver_request_clzo	1	ok	0
_pvp_cash_point_recover_result_zocl	1	ok	0
_pvp_cash_recover_itemlist_result_zocl	1	ok	0
_pvp_order_view_point_inform_zocl	1	ok	0
_pvp_rank_list_result_data_zocl	1	ok	0
_qry_case_amine_battery_discharge	1	forward_decl_only	0
_qry_case_amine_battery_discharge	1	ok	0
_qry_case_amine_batterycharge	1	forward_decl_only	0
_qry_case_amine_batterycharge	1	ok	0
_qry_case_amine_mineore	1	forward_decl_only	0
_qry_case_amine_mineore	1	ok	0
_qry_case_amine_moveore	1	forward_decl_only	0
_qry_case_amine_moveore	1	ok	0
_qry_case_amine_newowner	1	forward_decl_only	0
_qry_case_amine_newowner	1	ok	0
_qry_case_amine_selore	1	forward_decl_only	0
_qry_case_amine_selore	1	ok	0
_qry_case_amine_workstate	1	forward_decl_only	0
_qry_case_amine_workstate	1	ok	0
_quest_return_item_after_quest_zocl	1	ok	0
_raceboss_msg_confirm_zowb	1	ok	0
_racebosssms_fromweb_send_error_result_zowb	1	ok	0
_radar_char_list_result_zocl::_char_info	1	ok	0
_recv_hsk_quest_inform_zocl	1	ok	0
_refresh_group_target_position_zocl	1	ok	0
_reged_char_result_zone	1	ok	0
_release_siege_mode_other_inform_zocl	1	ok	0
_remaintime_inform_zocl	1	ok	0
_remaintime_pcbang_request_bizo	1	ok	0
_remaintime_personal_request_bizo	1	ok	0
_repastespecial	1	ok	0
_request_csi_buy_clzo::__item	1	ok	0
_res_division_request_clzo	1	ok	0
_res_division_result_zocl	1	ok	0
_res_separation_request_clzo	1	ok	0
_res_separation_result_zocl	1	ok	0
_result_csi_buy_zocl	1	forward_decl_only	0
_result_csi_buy_zocl	1	ok	0
_result_csi_buy_zocl::__item	1	ok	0
_result_csi_goods_list_zocl	1	ok	0
_return_gate_fix_position_zocl	1	ok	0
_reward_add_item_zocl	1	ok	0
_s__CatchableType	1	no_match_worldserver	1
_s__CatchableTypeArray	1	no_match_worldserver	1
_s__RTTIBaseClassDescriptor2	1	no_match_worldserver	1
_s__RTTICompleteObjectLocator	1	no_match_worldserver	1
_s__RTTICompleteObjectLocator2	1	no_match_worldserver	1
_s__ThrowInfo	1	no_match_worldserver	1
_sel_char_result_zone	1	ok	0
_selchange	4	ok	0
_select_avator_report_wrac	1	ok	0
_select_class_request_clzo	1	ok	0
_select_waited_quest_command_zocl	1	ok	0
_sell_store_request_clzo	1	ok	0
_sell_store_request_clzo::_list	1	ok	0
_sell_store_result_zocl	1	ok	0
_send_fromweb_raceboss_msg_request_zowb	1	ok	0
_send_raceboss_msg_request_zowb	1	ok	0
_server_notify_inform_zone	1	ok	0
_set_group_map_point_request_clzo	1	ok	0
_set_item_check_request_clzo	1	ok	0
_set_item_check_result_zocl	1	ok	0
_set_target_object_result_zocl	1	ok	0
_sf_delay_download_result_zocl::_eff_list	1	ok	0
_sf_delay_download_result_zocl::_mas_list	1	ok	0
_shield_equip_dur_dec_zocl	1	ok	0
_skill_recall_teleport_request_clzo	1	ok	0
_skill_request_clzo	1	ok	0
_start_world_request_wrac	1	ok	0
_started_vote_inform_zocl	1	ok	0
_starting_vote_inform_zocl	1	ok	0
_stat_inform_zocl	1	ok	0
_state_inform_zocl	1	ok	0
_stone_create_zocl	1	ok	0
_stone_destroy_zocl	1	ok	0
_stone_enter_inform_zocl	1	ok	0
_stone_fixpositon_zocl	1	ok	0
_store_list_result_zocl	1	ok	0
_suggested_matter_change_taxrate	1	ok	0
_take_loot_item_inform_zocl	1	ok	0
_talik_crystal_exchange_clzo::_list	1	ok	0
_target_monster_aggro_inform_zocl	1	ok	0
_target_monster_aggro_inform_zocl::_aggro_node	1	ok	0
_target_monster_contsf_allinform_zocl	1	ok	0
_target_object_hp_inform_clzo	1	ok	0
_target_player_damage_contsf_allinform_zocl	1	ok	0
_target_player_damage_contsf_allinform_zocl::_playercontsf	1	ok	0
_teleport_error_result_zocl	1	ok	0
_throw_skill_result_one_zocl::__effected_list	1	ok	0
_throw_unit_result_other_zocl	1	ok	0
_total_guild_rank_request_clzo	1	ok	0
_total_guild_rank_result_zocl	1	forward_decl_only	0
_total_guild_rank_result_zocl	1	ok	0
_tower_create_zocl	1	ok	0
_tower_destroy_zocl	1	ok	0
_trans_account_inform_acwr	1	ok	0
_trans_account_report_wrac	1	ok	0
_trans_gm_msg_inform_zocl	1	ok	0
_trans_ship_state_inform_zocl	1	ok	0
_trans_ship_ticket_inform_zocl	1	ok	0
_trans_ship_ticket_inform_zocl::__list	1	ok	0
_trans_ship_ticket_pass_inform_zocl	1	ok	0
_transform_siege_mode_other_inform_zocl	1	ok	0
_trap_alter_transpar_inform_zocl	1	ok	0
_trap_create_zocl	1	ok	0
_trap_destroy_zocl	1	ok	0
_trap_fixpositon_zocl	1	ok	0
_trunk_alter_item_slot_request_clzo	1	ok	0
_trunk_download_result_zocl	1	ok	0
_trunk_download_result_zocl::_list	1	ok	0
_trunk_est_result_zocl	1	ok	0
_trunk_extend_result_zocl	1	ok	0
_trunk_io_money_request_clzo	1	ok	0
_trunk_io_money_result_zocl	1	ok	0
_trunk_io_move_request_clzo	1	ok	0
_trunk_io_result_zocl	1	ok	0
_trunk_potionsocket_division_request_clzo	1	ok	0
_trunk_potionsocket_division_result_zocl	1	ok	0
_trunk_res_division_request_clzo	1	ok	0
_trunk_res_division_result_zocl	1	ok	0
_uilock_init_request_wrac	1	ok	0
_uilock_init_result_acwr	1	ok	0
_uilock_update_request_wrac	1	ok	0
_uilock_update_result_acwr	1	ok	0
_uilock_user_refresh_info_request_wrac	1	ok	0
_uilock_user_refresh_info_result_acwr	1	ok	0
_unit_alter_fee_inform_zocl	1	ok	0
_unit_booster_charge_inform_zocl	1	ok	0
_unit_bullet_fill_request_clzo	1	ok	0
_unit_bullet_fill_result_zocl	1	ok	0
_unit_delivery_request_clzo	1	ok	0
_unit_delivery_result_zocl	1	ok	0
_unit_force_return_inform_zocl	1	ok	0
_unit_frame_buy_request_clzo	1	ok	0
_unit_frame_buy_result_zocl	1	ok	0
_unit_frame_repair_request_clzo	1	ok	0
_unit_frame_repair_result_zocl	1	ok	0
_unit_pack_fill_request_clzo	1	ok	0
_unit_pack_fill_request_clzo::__list	1	ok	0
_unit_pack_fill_result_zocl	1	ok	0
_unit_part_tuning_request_clzo	1	ok	0
_unit_return_result_zocl	1	ok	0
_unit_sell_request_clzo	1	ok	0
_unmannedtrader_Regist_item_inform_zocl::__list	1	ok	0
_unmannedtrader_Sell_Wait_item_inform_zocl	1	ok	0
_unmannedtrader_Sell_Wait_item_inform_zocl::__list	1	ok	0
_unmannedtrader_buy_item_request_clzo	1	forward_decl_only	0
_unmannedtrader_buy_item_request_clzo	1	forward_decl_only	0
_unmannedtrader_buy_item_request_clzo	1	forward_decl_only	0
_unmannedtrader_buy_item_request_clzo	1	ok	0
_unmannedtrader_buy_item_result_zocl	1	ok	0
_unmannedtrader_buy_item_result_zocl::__list	1	ok	0
_unmannedtrader_close_item_inform_zocl	1	ok	0
_unmannedtrader_continue_item_inform_zocl::__list	1	ok	0
_unmannedtrader_re_regist_request_clzo::__list	1	ok	0
_unmannedtrader_re_regist_result_zocl	1	ok	0
_unmannedtrader_regist_item_error_result_zocl	1	ok	0
_unmannedtrader_regist_item_success_result_zocl	1	ok	0
_unmannedtrader_search_list_request_clzo	1	forward_decl_only	0
_unmannedtrader_search_list_request_clzo	1	forward_decl_only	0
_unmannedtrader_search_list_request_clzo	1	forward_decl_only	0
_unmannedtrader_search_list_request_clzo	1	ok	0
_unmannedtrader_search_list_result_zocl	1	ok	0
_unmannedtrader_search_list_result_zocl::__list	1	ok	0
_use_active_jade_result_zocl	1	ok	0
_use_fire_cracker_item_inform_zocl	1	ok	0
_use_fire_cracker_item_result_zocl	1	ok	0
_use_potion_result_other_zocl	1	ok	0
_use_potion_result_zocl	1	ok	0
_use_radar_result_zocl	1	ok	0
_use_soccer_ball_item_inform_zocl	1	ok	0
_use_soccer_ball_item_result_zocl	1	ok	0
_user_block_request_wrac	1	ok	0
_user_block_result_acwr	1	ok	0
_user_num_report_wrac	1	ok	0
_weekly_guild_rank_request_clzo	1	ok	0
_weekly_guild_rank_result_no_data_zocl	1	ok	0
_weekly_guild_rank_result_zocl::_list	1	ok	0
_world_msg_inform_acwr	1	ok	0
_world_user_num_zowb	1	ok	0
_worlddb_sf_delay_info::_eff_list	1	ok	0
_worlddb_sf_delay_info::_mas_list	1	ok	0
tagBITMAPFILEHEADER	1	no_match_worldserver	1
tagDELEGATEITEMID	1	no_match_worldserver	1
tagHyphenateInfo	1	no_match_worldserver	1
tagLVKEYDOWN	1	no_match_worldserver	1
tagMETAHEADER	1	no_match_worldserver	1
tagTCKEYDOWN	1	no_match_worldserver	1
tagTVKEYDOWN	1	no_match_worldserver	1
threadingAttribute	1	no_match_worldserver	1
waveformat_tag	1	ok	0
